{"type":"FeatureCollection","features":[{"type":"Feature","id":"371700","properties":{"name":"菏泽市","cp":[115.469381,35.246531],"childNum":1},"geometry":{"type":"Polygon","coordinates":["@@@A@C@A@A@A@E@A@C@G@AAEBMAI@CBG@EBG@CBCDEBIDEHCJ@ZCVEPCBA@@@@ZGREVI\\IVITK\\OHC@@@@RITMJIJIJKTIRIVIRMDERSFEBAJGBCFEFCLGFCBADAFCB@@A@A@A@A@A@CBA@A@A@A@ABA@EBGBC@ABABCHMFG@ACCAAAACACCAAECAAACACAAAAAAAC@C@A@C@A@GBC@@BCBCBCDEBAFE@I@CCCCAAA@@@@A@EECEAE@CBCBE@ABE@CBCBEBEBCBC@CBE@EBC@E@A@EBC@C@C@C@C@EBC@E@CAC@EACAEAE@G@C@@@@BA@EDEBCFEFEDAHCFAHAF@F@DADAHCFGDAFCHAJDDBFBDBHBDBF@DAFAD@@@@@B@HAFADCBEBE@GBEBCBEBCBE@CBCBGBC@E@C@C@C@E@CACACAGAE@C@CBEBE@EDEBADEDG@EBEBC@EBE@C@CACAIACACCEEEECCAICGAGCCECE@E@EBGDG@@@@@@@CBC@C@GBE@CBC@CBCBCFEFCF@FCDEBCDG@@@@@@BE@CBE@C@@@@@@BCBGBEBE@CAC\\DLBTHFBFB@@@@@@DBLDHCXeHQBSCOCIGQGSGOCEGBC@G@E@EBCDEBCDCDCFCFCBGD@E@G@CACCCGAC@E@CBGDC@CABEBCBCBCDCDEBABEDCAGCCACECCGACAC@C@CACEGEEEAAECCACCEEGACEECEACAEAAEICCE@G@GBCBCBA@E@C@E@IAAACCAGAECCACAA@AAABCDAFC@@B@FADE@ECEACCEAC@CAC@@@@AAACACACEECCCAEACAG@GCEAEACCCE@EAE@E@C@C@E@CBE@CDGFEBCHEBCBCFEBABEDCDCDCDCBCFADCFADCDAFAFE@@@@HCHEFCBADEDCACCEECEECACCACEECEAEFCF@DAD@FAH@F@DAD@H@HANCDCBA@ABCBG@EDEBCDADCDADCDAFCF@FAD@F@F@DAFCFAFAHCF@FAD@FADAD@FAFADCD@HEDCDCDCHGFADADCHAHCD@FAF@D@H@D@FAFAFAF@DBDAFAHCFEHCD@H@DAF@F@F@F@HAH@D@F@DBHAFAFAHADAHCF@DADAFCFAHA@@AA@AA@@@@A@A@@@A@A@IBC@C@G@E@E@ECE@EAC@C@E@E@C@EAG@E@E@C@E@C@CAC@E@C@C@E@I@G@E@C@CAECAECE@G@E@G@E@GAECE@CACCACAE@CBEAEAC@CAEACACDCFAHAD@DAHCDAF@HCFCDCBG@EACACACEGECAACCEG@C@C@CBC@E@CAGCGCAACACECEECE@EDCBCFEHCECAACACCEAEAGEEAC@EAC@IAGAC@E@EACACACC@C@G@CAE@CACACCCCAE@G@EFGDEDE@E@G@CBG@CAEAACAE@E@C@E@GACACCCC@I@GACAEAEACECAACCEAEAGAEAECECCACGBEDGFEFENEFCDCDKDIBIBEACCAAKGECCAEAOEECOIGCEAKAG@GDEFKDSZMbabeDwYcC[Ril_CKWAaOGiASAIKSwT@@@BC@AD@@@BABCBGBIBCBA@@@A@C@IBGDA@EBEBGBGBAAA@EBC@C@A@@@IBE@G@C@K@I@@@A@IDEDABAFCDE@IBIA@AAA@E@U@Q@I@AA@@AAACA@ACA@AACC@AAA@@AAA@@@A@AA@AA@@ABA@A@AB@@C@E@C@E@A@A@C@@BEBCBA@A@AB@@ADA@@@ABKB@@CBABA@CBA@ADCBAB@@@@@A@@@@@@B@@AA@A@@@ABA@CBC@ABAAAB@@CBC@A@CBA@C@A@A@CACAEAC@CB@@AAA@G@C@@@ABC@E@A@A@AAA@C@CAA@A@A@@@A@A@A@A@C@A@CBA@E@CBA@E@C@AAGCA@AAC@A@E@A@@@AB@@@B@BE@A@CBG@EBEBGBIDABA@EFEBCDCHCDGHEFIJEFMRCF@HAHCHEHEFGBGBE@EACB@PAJAFAFQRAFADCFADAH@D@F@D@FBHBDBD@F@F@D@BAFAFCDAFEFCDADCFBFBD@FBBBDBFFFBDBDBDBF@DAFAFCF@FCFADAF@DAFAF@D@FAD@HCFCD@DAHABCFGBG@E@ED@FFDCFEDCDBHCDGBGDEDGBG@G@ECGAGBCDCDOBEBGDIJCDGDUHCBG@EDGDEFEBEBGBGAGAECECMEG@MDGBGAG@ECEECCECEBGBEBEDCFAF@L@@AH@F@L@F@HBFBBLNDDBHBF@FBFCDODEBGBG@G@A@AAO@COUDBJWB@DKBHVB@BDD@BBJERdHCDFDAB@DFBFAF@FAFCFG@GAEAECCECEGBEBEDGBEBEDEDGDMCIEE@GBBREDAFCFIJGBQBED@FDFBF@BAD@HIJQ@A@C@C@CACCIAG@E@E@E@G@E@M@C@E@CAECGAECECKGCEGAGAEAGACECECCECG@EBEDEDEFCFAFCFG@G@G@U@G@GBG@GBG@OAG@G@GAECECKGCECECECCGCEDCFEDCFAFAFAFEFGBE@GBGBEBEFIF@DAB@BA@DPDABF@BA@BFAB@HK@@B@@A@@DO@BC@@@AB@@AGB@AD@@CBAACA@@BC@@@@@ACEMGB@@A@AEHACEB@@@B@@@J@BAB@@C@@C@@@EB@A@@A@GB@@AB@@B@@BB@@BGBAA@@A@C@KDC@WHGBA@ABAB@@DBHBFDJDHDJFHHDDBDBD@D@D@BABADAB@@A@G@M@A@E@CBEBKDCBCBADABAB@BFHDHDJHLDFHFRDbH`RLLBD@H@N@BELEFCFEHWV[TKH@DAFBHHLJNLLLHPHNFPDNBfFV@N@B@DBBBBB@BCxAfBH@@FDND^FBB@DBBBBBF@BBB@DBDBB@BBBBDBBFH@@BBBBBBDB@DB@BB@BB@FHBB@BBB@BBBBBB@DD@BDB@BBB@@BBFFBBBBB@DD@BBBDB@BB@BBBBB@BB@@DBD@B@D@B@B@B@FhBFB^DXFLFBNDN@|AH@DBBDDFDFPT@JAJCHAFDDD@BBBDBDFADC@CDEHEHCH@J@@X@DDBB@BCAaJ@BPFB@THBNDNBTDLBPBJ@T@PALGDAJDNBL@TCN@LDVNRL`Z@DADAF@BDBDBHHFDJ@@@TRVNPFZHB@PF@@FBPFPDDBBDBJAFADCJIbHVJCDJ]HALNAFFF@BVPE@EF@BVZC@RN@HRRTNJDFFVDRDHJHNJDFNHHJTZRjJLHJHJX\\XR\\PN@LADBBJDDJ@VAREDBDBFLBBB@LCHAXIBADBBBBFBHlBRABBD@@BD@BBTBPBJDRHRDJ@JBfD@TD@@HF@@\\EB@LR@@PDTVEFPC@DLPAHXDABLf@ALX@BJPVPCRABAVCN@@ED@BAL@@DF@DNVER@@NfB@GFDBPB@@JJ@@HF@@IASHBBP"],"encodeOffsets":[[118658,36728]]}}],"UTF8Encoding":true}