{"type":"FeatureCollection","features":[{"type":"Feature","id":"371300","properties":{"name":"临沂市","cp":[118.326443,35.065282],"childNum":1},"geometry":{"type":"Polygon","coordinates":["@@@DADQJCBEAI@KH@AAA@B@@S_KIMEOEUE_AO@S@e@QASMMMDEDCFCDAFADCDCBCBCBCAG@CCCCESKUE[CYCQCM@M@GBC@GAGACACCAEAC@C@E@EBABE@E@AECIACAE@E@G@G@E@EACC@C@C@G@EBIDEACC@GBC@G@@CCEACCE@CCCACAC@E@G@CBE@C@CAE@EACAECEECG@C@E@G@GAECCCCGEA@CAE@EBCBC@E@CBCAECECEACEEACCCCCEECACCEEAACGBE@EBE@CBEBCBCBCDE@C@C@EAGAEAE@E@EDCDEDCF@DEF@JCHAF@H@FAD@L@F@FCD@FAF@H@F@HBD@F@H@HBFBF@H@FBF@F@D@FADEBC@EAE@ECAAEAECECCACACAEACACACAE@CACAEACACCECECCGEAA@@@@CCCCEECEACECCCGEACECEECECAIKEKCkACAC@G@CDG@ABADK@CACCEACCECCGCCAA@CCAC@CBCBC@C@CIGMGGIGCEEECCCAABCBEBG@EAGDCFCDCHCFADCDABA@@@@DCHADABADEBCDCFEAAAEIOEICCMGCAEC@AAA@AA@ICE@C@C@CFABE@E@G@CAGCE@E@E@C@CFCBCBC@GAEACACEACCAGAC@G@E@IC@C@CFC@ABEAGBE@CDAFADADA@CACCAE@GAGBGBC@E@GEGCGAEC@@@@@@EA@CBEDEBOBODAF@DAF@D@D@FAD@@A@@BA@A@C@A@A@I@E@C@A@AB@FAD@B@HBFDNBFBD@B@D@FALAD@B@B@B@B@B@FAD@BABADAB@@@D@@@BBB@BDBDBBFFHFBBB@B@@@B@@A@ABABADADEDAB@B@@AB@BAB@B@@A@@BA@@@@@AB@@@@A@A@AD@B@FBDBBBDBBBFCFCFABABAJCB@D@BBFDDBB@D@D@B@DBDBBBD@B@D@DBF@FD@@BB@@@HBBBBD@DCBADCD@@AB@F@F@NAD@D@FDD@FBF@F@DBB@B@DAD@B@FABBB@F@B@B@B@DAD@FAB@B@BBB@DDDDDBHDFDDBBBDHBDDHBBBBB@B@B@BA@@BABA@ABC@AAC@ABC@A@AAA@AB@@AAA@AACAAAC@C@@@ABABCB@HC@@LEFCD@BAF@JAH@H@FAFAJEDAB@FCB@BE@C@A@EBEBAJGDAD@BBNHBBB@B@DBFAD@FAD@DAD@B@@@D@FBDBDDFDDFHFDFFDFDDF@DBF@DAD@DCFAFCFAF@@@DDDDBHB@BLDDBBBD@B@P@H@JAJAJEFCLCJCDADEFEbMHAFDF@DABC@CACBADCD@DABABA@EBG@G@CBABCDABABM@ADAB@LDHDxJH@H@F@B@DA@@B@BC@E@CAAAAAACCA@AAAA@E@ABCBADAFCJIJIBABCCCAAACBADADAHAH@H@F@D@BABADIBIBG@GBGBADEBABACCECCA@E@K@IAECEAEGE@A@E@EAGCGAEEGEEEAIAG@G@KAG@CAAA@AAG@C@CJI@B@@@@@@@@D@BBB@@@B@D@@BBA@@B@HA@ABABCBADA@@@C@ABABA@AB@@EBA@A@A@@BABA@ABAB@B@@@BA@@BA@@@@BAB@@AB@@@BAB@GAGEAAAEAG@CBEBCDCFAJAH@N@F@DADCDABEDCA@B@@@@GBKLSQ@IAGCM@G@GAICECICGAGAGAE@E@AACAACCEK]EGCAC@AAAA@WAAECC@G@KBG@G@I@E@E@EBE@C@E@C@CAGEEAGACBI@GAE@CBEAE@C@EBI@K@GBE@C@E@E@GBE@EAGEGCA@EBE@EAEAI@C@G@EAGACAGAEAOCC@EBEDEFCFEBABCAG@KCE@CAAAEEGCICYI]GG@CACA@@@@@@@@@AAC@G@IBG@KB[AMCIAG@MCQBWBMCECCGCCCCCgmWaAC@CACACCCEECCACACAEAC@CAQ@CBK@ACK@@AAAAE@E@CBABC@A@C@KA@@C@@@@@A@@@CBEBG@CCACDGFCRMDCBCCCACCAAC@C@ADE@E@GCGCGAEAAA@@@I@A@CAEEA@GAE@GBA@IBABC@A@C@CAAACAA@CAA@AA@ABALAFCDCBABA@CAIAEACA@A@ABCBC@E@C@GCICCABC@@@ACE@A@@DABA@A@@AAAC@A@EB@BABAD@H@FBB@BAFEDEDAFCD@H@H@FBNFB@D@D@HEJGLIJK@A@@UOECCCAE@CA@OCMGCCIEIAG@M@Q@G@MEKCOMECECG@E@C@ABEDKNMLEBCBE@C@GACAKGGCEAE@KDIDSFKBABABCZCJ@@ABC@CAGAC@C@CBE@GAE@KAEAIEGCMAG@CBCBADABABC@M@IBE@CADIAOAI@CC@C@EAEAEACCIKAECEGEAAG@EAI@GDG@IBEB@@AA@@@AAAAA@@@A@@AAAAA@@A@@@C@A@AAA@EAABA@A@@BABCBGBA@C@CBAFAFCFEBKAM@AA@G@EDC@C@ACCGEAAAC@C@A@ABABABEBCBEDCDCCCAEG@MGSAE@ACGAC@C@GDYBE@EBE@E@CBEBEBEBEBEBEBEDEBEBCBE@CBE@C@GAE@C@C@C@CK]ACCEIECAECCEACACACAEAE@CAC@GACBECE@C@GACACCECEFCGM@AGAKBCAICKGACAEA@E@EAGB]D@ACB@D@BAD@BC@AACAG@GBC@QAO@AB@@@D@HA@EAA@@AAA@C@@cDG@A@AAAE@M@@@CCAOBAA@@AC@I@@M@K@mBAAAEI@@@IEEDEDGDABGo@@BE@@EAE@AAC@A@E@AD@BABYAAB@NAD@@G@A@@@@@CI@GCCC@MDAJ@BABFFFJDLBNCD@@@FHX@T@NAXCDEBIDEFEBMFEDKHDB@BGBEBC@@@BJGDGB@@@BJPFJBBDB@@LDHDLDJBJN@@@BA@CDBJFFV^HL@BA@GBODBDEBG@EBG@A@ECC@GBGBIF@F@@BD@BADGBCACAAAGEACA@A@CBKFABaJE@SFQDBJFJDD@@BBB@BBB@BBB@B@B@BB@BDBBB@B@BBBDB@DBB@@@AB@@@B@@@BABFBBJPDHFL@JCDIDMFA@DLA@ABCBGD@@FFFJFHEHIDC@EBE@EBAACAAAAAAA@@A@@@@B@@@B@BC@K@EBM@E@CAAEIDGDGBIBMAA@A@@@@B@@@BB@@B@B@@IBE@ACAO@EAASBAPKBG@@@GJA@C@@FBF@F@@ABCBC@SBQFIDKBE@EAGGGKCCCCG@EBOBGBIDGB@@E@@@AEAGCOEUAASBM@G@C@A@@BA@@BBD@BA@@BE@@@ACA@C@G@@@EGEBC@E@E@C@CBAB@FAD@@A@AAIECACAC@ABCB@JA@ABCAA@@A@CAAGECAC@GAC@KBRvHTFBF@BBDNHb@DCDGDAB@B@FBBBB@@@BADCD@H@BDHHNBH@@BB@B@@@B@BAD@B@BDJ@BCDMDQDMDQFA@@BCDGFGFEDABAF@D@DBBBD@D@BCBCBG@AB@@@D@DBBBBHDXJFBBBBBBDBH@D@D@DDJ@D@@AH@BG@E@GDMFKDMFEBIDABCDEFGFABCDCFAFCHABCDCBCBEBE@EBCB@@ILGNGHADAD@D@BA@GDEDCD@@@B@B@D@F@BADA@A@ABABAB@B@@@BAD@B@@BB@D@@DFDDBB@@BBB@B@B@JB@@DDBBBD@BAFAD@B@BBBFFFDDFBD@@@B@BCDADAB@DAB@@DJFHFF@@@BAH@DBF@D@H@L@HBD@BB@DBHDDBBBJHBBBB@D@DCHADEDEBC@E@E@E@EBEACAIAC@G@CBAF@FBH@DDH@DBB@FCFG@KFEDEBEDE@CBEBEBEBGFCBCBCBCDIFIZADCDEFEBEDCBEDSRSRCBCHCFGHCDC@CBADCD@FCFAJADABA@EAABA@AB@DAF@FAFCDA@A@G@CBC@@BA@IAIEAACACCA@EBG@CDKJCFEFAB@B@D@@ADCBCBABAB@DAH@VC@AAGACAC@IBE@A@KHMFEFCDCLEDGJGBEBCBCDC@C@I@C@OFEBCB@B@DBBBFDD@D@DABABKHADAFAFEBE@E@CBEB@BGDEFAFBFD@B@D@DBDBDBFDJFDBD@FBDBFBNFB@LA@DBDBDFHFJHJFHBB@D@@CDEDGBKDIDKDEDCDCDCJAJAFCDADAD@J@HBDDFBDDBH@HDFDHDHHFJ@DAFCH@B@DBB@@BDHDFDBBDBAD@DAFCHAFEHCDEDIDCBAB@DCFAD@BBBBDBB@FADCBCDCBEBCBEDCDEDABEBED@DBD@@BBBBDBDBFBDBDBB@@BBB@BBDBBDF@FBFBFFHHFDBFDBBDHAF@BBFBDDDJDD@BCFCDA@@@@DAFAHCLED@B@BBBH@FBDBBRBH@DDFDBB@B@DADABCDCDEBE@GD@@AFAF@BC@E@AJ@BDHBFB@DBRAH@HCHAHAD@L@LBPBD@@@@@LBN@JBTDJBHDFDDHDF@F@DADCD@D@HDNBD@BCBCBGF@D@H@JBFBLDLBDDDFDBDBFDfFVF`JNHJJPDDDFBDDDRLH@HBJ@HBHAH@DAF@HBJBFBHBDBHBHDDDDBDDFDFBDBD@F@DAFAFCFADCFCFCFAHCJ@HAF@FAFAH@HDDFFHFJDDBDFDFDDBDBFBD@FBF@F@JAF@FAH@D@@@@@D@HBFFDDFBFAD@D@FAFBDF@F@DCTADADCNCJADAFBH@DBFDBDBFBFBHFFH@D@FAD@DCFADADEFGD@@@@@@EDEFCDBHDFBB@@@@@@BDRTDDFBDBJDFBBDDF@DDDDHDFBDDDFDDDFBFHLHB@HDFBF@HAB@H@H@LALAF@FAJEJEHAD@H@DAFALCFAD@B@@BBBDJHLBDBBB@@BDBJBB@BB@@@BBD@FAD@DBFBFBB@@HDDBFFLNFNAD@D@B@@AD@B@BCD@BADABAB@BABABAD@BABD@D@D@D@DBD@D@D@D@@@D@F@D@DAB@D@B@DBBD@D@B@D@B@BBBDDBBD@BBDBB@B@@B@B@L@FBDBB@BPRDBBBBBB@PDHB@BB@@B@LDBDHFHDANBB@DHGA@FDDBBB@LKJBB@@B@@@B@B@@@B@@@@BABAB@@@@ADF@@@D@B@@B@B@@BAFDBBAFBJFDDNBD@BB@BFADCD@D@BBH@BCDILCLAF@PAD@FBD@FADBCBCB@BD@HCCE@ABAD@L@FCB@@@@AB@B@HGF@DC@GDAFDBE@CBCBABCBAAC@C@CBCBADC@ABA@C@ACAC@E@C@AAAAAAAA@CBABABCDABAD@DAD@DA@A@A@C@ABA@CBAD@D@DABAD@BADABABAD@DADAD@D@B@F@BA@C@A@C@AACBA@ADABABADADAD@B@D@FAD@B@B@@@@A@@@@@A@C@C@@@@B@@AB@@@@@@@B@@@@@@B@@@B@@@@B@B@FBB@DBB@BBB@@BB@@BBBBBDBDBD@DB@@B@B@D@D@B@B@B@B@@@BBBBBBBBDDBBBDDDBBBBD@BBB@DBB@D@D@@@@@@@B@@@@@@@@@@A@@@@@A@@@@@@@@@@@@D@@@@AB@@@BA@@@@@@B@@@@@@@BBB@@@@BD@DBB@FBDBDBB@D@BBDBD@DBD@B@DBD@F@BBB@BDBB@DBB@BBD@B@BBDB@@B@@FBBBB@@@@@@@BA@@B@@@B@@@B@@@B@@@@@@BB@DBB@@@@BB@B@@@B@@@B@B@B@@@B@@@@@B@@@FD@@@@@@@@@B@@A@A@@@@@@@@B@@@@@@@@@BBB@BBDBB@D@@BB@@@@B@BBB@B@@@B@@@@@F@@@B@D@D@F@DBF@D@DBD@B@@@@@@@B@@@@@BC@@DEBCFEBADCDCBA@ABEBCFCDAFEDAD@D@D@DADCFCDCFCBA@@@@B@@@@@B@DBB@DBBBB@BBBD@BDBDBD@D@BBD@B@D@D@D@D@D@D@D@D@D@B@D@@@@@B@@@BBBBBB@@@B@@@@AB@@@@@@@D@@@@@@@@@@CBAB@@@@@BAB@BAD@@@@AB@@ABABEBCBCD@@@BA@@@AB@BAD@B@@@@@B@@@B@@@@@BB@BBBBDBBB@@@@@@@@@B@@@@@@@@A@@BC@CBA@@@A@@@@B@@@@BB@JKJC@ABAD@BB@CFIHADDBDD@@ADFHNADEHCF@F@J@HCFF@DBBHAFCFABDDR@HBBB@BB@BCBCDB@@@CBBFFFCJADCBCBCDFD@FGBBDAFG@ABHDXN@JDBF@DHGLCDB@BBBB@@@BUDQAA@C@ABA@A@@@CFABBBD@FCD@B@@DFFHGBAHBNDDFHDHBB@DFCDJDDADA@EB@DLDDDBJDB@DAB@DBBCBBDLCHCF@DBDDFHFDHB@F@B@@AAA@@HED@RFLLJDF@DDLNB@FABBFJDBB@JGD@NEB@HBBBBDBFJ@HANGB@FADCN@FBBCFEDKBAB@@EEC@CDABBB@B@FC@ADBFA@GBAHAHBDNBBHDLBBAJCBCAG@E@ALADFRFGJ@DDH@FALBBFBB@BAB@BC@@@@@BBB@@B@D@AHBBBB@@BBB@B@@B@@A@B@ABB@BJBDADCFA@@AA@CBBHDDPHHJHFFBDAFCFBBAHGNCD@HBLFDBF@FCHCJBDBD@H@P@LFRCFC@QBABACAEEBMBKJEHBJO@QCCBIAGDCFABABAACC@BI@AA@G@BE@EDKACBAAADA@@BBBAD@DC@AC@CBACAEDC@AC@AA@CBAHGJAJGDIHCB@BBFFDBHCBBDBDBL@LBBBDFABFFDFBBC@GAAHBBH@B@BAH@BB@BEBCB@B@BFDHBB@D@FEJBDBFFFDBBB@FABEHEFABCBGDCD@B@D@HBD@B@@G@CHA@@H@HENED@@BAFVFD@@ABAN@DBDB@DD@HFJADAA@BCBEBAB@@@H@BAB@DGBAF@B@BBDB@@F@B@B@@AFCBADADAB@D@BBB@@CBEFAAC@CBA@CCAA@@B@@@@C@AAEA@@AAA@@AA@AA@@AAA@@AA@AAA@AC@ABA@ACECCECAABC@G@@CAAA@@@CBCJGFAH@@AACCAAA@C@@@@A@@@@@@@BAB@AICAE@MBACEB@@MDC@"],"encodeOffsets":[[121881,36891]]}}],"UTF8Encoding":true}