{"type":"FeatureCollection","features":[{"type":"Feature","id":"370800","properties":{"name":"济宁市","cp":[116.587245,35.415393],"childNum":1},"geometry":{"type":"Polygon","coordinates":["@@B@JEFCFGFK@ECGEGEEKGEC@CDCDCb_@@@@FCNMPOFEFCJA@@@@HC\\ITIDAB@BBB@DBD@B@FDD@DBD@BAB@BA@CBC@ABABABABAD@BBBBBB@BBB@BBDBB@DBDDD@DB@BBDBBBF@D@BAB@BABAHAD@D@D@BC@ABCBC@ADAD@BBFAF@B@DABA@ABADAB@D@BBBDBBDBBA@A@CAAAC@C@ABABAB@DCBB@B@B@B@B@D@B@D@B@BBBBBBBDAB@D@B@B@D@B@BABABA@A@A@A@C@AAC@A@C@A@E@A@C@A@AAC@A@C@AAA@A@A@A@ABABA@CBA@A@CB@BCDCBCBADIFEDGDADEDCDEFEDEFCDABCDCFAHAF@HAF@D@H@F@FCFA@E@@D@B@DA@ABACAA@CACA@A@C@A@A@A@CBA@C@ABA@C@ABABCBAB@DABAD@BADBBBBBDB@BDBBBBBDBDBB@DBB@BBBBBBDHDDBBBBBBDDD@DBFBD@D@B@F@B@D@DABADABAB@D@B@DADBD@F@D@D@DBBBBBBBBBBBD@B@DAFA@AB@DCB@DCDAB@D@D@F@B@BBB@DBBBB@DBDBD@B@DAB@BAB@BAF@DBBBDB@B@D@BBB@B@DFBBBD@BBD@DBBBBBD@B@@BD@@@D@DB@BB@@ZRPPEVPTAVFPALVHKX@\\VFN@X@FFHBBAD@BBD@B@BDFFFDBDBJDPBHBN@HBFBFH@DBLBDFFDFDDLHFHDBFDHBFBF@JAF@D@F@FDDBF@F@F@HAD@D@D@BABCDG@AFA@@BCBEBAGEAA@CAA@CAC@CACAA@AAC@C@CAC@E@@AACCECGCEEGCCCC@EAEAGAKAKCECCCCCACACAE@EBE@CBEHEFAFCFCBA@@@@FCFCFEDEDADADCFAFAHCHAJAHAHCFCFADCFEFCBCBE@IAEAECI@CACAEAECEECAEACCECEACCEACECCAC@EBE@GDEBCBEBG@E@EAECEAGACCCACACEAE@IAE@G@EBECGBE@E@E@C@EBEBEHCDAF@F@FBHBFBFBFDFBFBFBF@HBFBF@FDHBHDHBJBJDF@F@FCBC@EBEBCDEFCHAFAH@FAH@JAFAF@D@H@F@@@@@@@F@FBF@FBFBFBFBFEBA@@@@BA@@@@BABADC@CDCDEDCFCDADCHCHAFAFBFBDBDBBFDDBJ@DBD@HBDFFFBH@DADADAHEDADABA@@@@BAFEHCFCF@LAHAHCFAHAHBFDBDFHDHDFHDLBFBF@JBFAFBFBDBHBHBHBHDHBDBDBFFFDJFBDDDBDBFCHEFCBCFBD@DDFBBBDDDHDH@F@DBD@FBF@HDBDHHBH@D@FDFDF@DDDBDDFDFAFAD@F@D@DHBHBF@F@H@FCFAHCDAFAFCH@FBD@F@JBH@D@HAHAFAH@D@HBFBD@FDFBFBFBF@F@D@FEDCBA@A@A@CBCBCBAJCHAD@DBD@JAD@H@BAD@FADADA@C@C@AACACECGCAABABADAD@B@DBFDFDF@F@F@DBFBD@FBD@BBBDD@HDH@JAJALCF@D@FAD@DBDBDBFBF@H@D@DAJEDAH@J@HAH@H@FAH@FAB@D@F@DDDBBDB@DBF@JFJDDBDDDDFBJBBBDDBFBBBBFDFADCDADAH@JBFBD@HBLADABA@EBIBAFAHADAFCBCDEBADCDADAB@DBJDDBDBBBD@D@DA@CFGBABAF@FBFBFBF@BBD@LFDBD@DAFCFCHIHGDEBCFIBADKDAH@JAD@TELEJCHADADCDCDCBEDABC@ABA@ACEB@@ABCB@BA@@@AAC@@BAB@B@@@B@DD@@@@D@@@@@D@D@B@FBJDF@D@HAH@FADABABA@AAAEAECCEAC@C@EBABCDEDCFCDCFCFEHCFEFADCHCDCDADADCFADCFEDCDAFClgAEACECCCACCKAKAE@I@G@CHEDADA@AACCM@G@CDCBC@C@ECECGECGCIASCIAM@KA@@@@C@OAKAK@C@GBGBGDG@QBCAA@AECG@ABIF@D@@ABEBE@@HCF@FADCDCBABC@C@AAAECCCG@QAAAAC@EAGAAA@C@KFGDEBCB@@@@CBEDADC@ICCCACAE@ABECGAAECCAGEEGAEAE@ECEAAAC@AAA@AA@CACAEACACAAAAA@@AC@CFCFABAFCDCFCDAFADADCDABC@EAAACAA@ABCDE@CBADAJCFCDCFGBEDGBE@CBCCAAAECGCAC@@AA@C@ADGBE@CEIGGGCECGCG@CAACCEAC@G@IBCBCDCBEBIDIDCDCFCLCJCLCHAFCDC@@@CAAEGGIEIEGACAC@CKBA@MEEACAEAC@CAIEECCACACAC@A@C@E@EBEJEDCDAFAF@FBF@FAFCFCDCBC@G@EBE@CDADIBIBG@EBGDA@CBE@C@CAGCC@A@GBEBE@CBEBIBA@CBC@C@CAA@AA@CAACAEACA@A@A@A@CBCBADCDABA@A@E@CAMAACCITGBEBEBGBC@GECCGCC@E@C@EBE@CBE@EAAEBC@CDG@CBEBEBCBCDCBE@C@EG@EBYBE@E@KBG@E@E@E@CBC@IAE@CCCAEACCAA@ACEAC@CCCGCGAEAG@I@E@IEEAECEAECGCEAG@GAE@M@Q@E@GAIAEEE@AAEGCAE@E@G@EBCBCBGBEDGBKBC@E@EAEACAGAC@CAE@I@K@CAIAGCEAGCCACAAAIGCCCECCCCAAGCC@AAC@AAECEAECKCC@AAEAA@@A@A@A@AACCCAACAC@A@E@A@G@CAECCACAI@EBCFCDEDEDGAEAE@CAE@CBCBCBCDADCDCBCDCDEDIBWKCE@CCGAECECECCGAGAC@EFEFCBEDEDCDCDCBC@CAEAC@MGGAG@@ADADCBEACCQDCBIDCDADAD@DABC@MBCBC@EBCBE@C@@BABAHCFCHAJ@NCHCPOHAFENKNCFA@IFKHGFEBCBCBCBEBC@E@E@E@CBEBGBAFCDADCFAJEFCDCDADCFCFCDCF@FAFCDADABEBADGBE@C@E@CAK@@@@AGCCAECCCECCCEAEDGDCFADAHAFEDEBCDGDCDEBANIJGJAJAH@J@\\FLBJAH@JAFAFCDAFAFCFAFA@@HADAJ@DBH@HBDBFDFBDBDBFDDBFBD@HAD@JCFGDGBEBEBKBG@@@@@CBGDCDCFCBC@MBEBE@E@GBE@G@CBA@C@A@C@A@EDILED@HC@@@E@C@CBALGHENIFAREJAHAHGRCAEFAFECGKMMIEAI@ScR@JEDHDDJALENIFEDC@ED@D@@ADABA@CBAB@BA@@B@@A@@@A@ABAHEHEBIBAHDHBFADABGAGDAD@BC@KPGDA@@BABEVHNBH@BA@CCC@AH@DD@BFABAACEAAA@CL@X@FFD@FEF@HD@@FAHEDABEFEDCBACKBCJCJA@I@AGOCC@AJELALAFEHGHE@EEE@CFCL@HCDEBGBEBABABCDGBSNB@B@@BHF@`@BI@@N@@A@AAIAAAA@GIA@AACAA@@@@EC@@@I@I@@@@BKIA@A@MAGAAEDKFIDCDA@@@AB@@A@A@@@A@A@ABEBGF@@A@@A@@@@@@B@@AB@@@@A@@A@@A@@AACAA@@@AA@@@@A@CB@@A@@@ABA@A@@@A@@A@@@@@@@@@AA@A@@@A@A@@@A@@@A@@AA@@A@@@A@@AA@@AA@AA@@AA@CA@@CAAAA@A@@AA@@B@@@@@@@B@@@@@@@@AB@@A@@A@@@@@@@@@@@A@@@@@@@A@@AB@@B@@@A@@@@B@@A@@@A@@A@@A@@@A@@@@B@@@@@@@@@B@@@@A@@@@@@A@@@@@@@@A@@@@@@B@@@@@@@@@@@@A@@@@@@A@@@@@@@@@@@@@@A@@@@@@@@@@@@@@@A@A@@@AA@@@@A@@A@@@A@@@@@@@@@@@A@@@@A@@@@@@@@A@@@@@@B@A@@A@@B@@@B@@@@@@@@@@@A@@AB@@@@@@@@@@A@@B@B@@@@@@@B@@@@@@@@@@@@@B@@B@@A@@@B@@@@@BA@B@@@@@@@@B@B@@B@@@@B@@@@B@@@D@@@@@@@@@@BAB@B@@AB@@@B@@A@@DE@ABA@AAAA@A@@AAA@@@A@AA@A@@@A@@@@A@@A@@@ABABABIF@@@@AAA@@AABA@@@@A@@@@@@@@@@AA@@@@A@@@@@@@@A@@@A@A@@@A@@@@A@@@@@A@@@@@@A@@@@@@@A@@@@@A@@@@@AA@@@@@@@@@@@A@@@@@@BB@@@@@A@@B@@@@@BB@@@@B@@@@@B@@@@A@@@@@@@@@@@@@@BA@@@A@@@@@A@@@@@@@@@@@@@@@A@@@@@@@@@AB@@@@@@A@@@@B@@AA@@@@@@@A@@@@@@A@@@@@@@@AA@@@AAA@@@@@@@AA@@@@@@@@AA@@@@A@@B@@@@@@@@@A@@@@@@@A@@@AB@@AB@@@B@B@BA@@B@B@B@@@@@@@B@@@@A@@@@AA@@@@AA@@@AB@@ABA@@@@@A@@@AA@@@@@C@@A@@A@@@@A@@A@A@@@@@@@AA@A@@@@CAA@GCCA@@A@AA@@A@@@AB@@@@A@A@@@A@A@AA@@A@AA@@@@A@@A@BA@@@@BA@ABA@A@@@A@@@CA@@@@@@AC@A@@@A@@@@@@BA@@B@B@B@@@@@B@@BB@@A@@@@@@@@AA@@@@AC@@@ABA@@@@@@BAB@BA@@BA@@@@@@AA@@@@A@@AC@@@@@AC@@@A@@@@@A@ABA@@@@@@@@KB@@@@@A@@LAF@@@@A@@@AA@@@@A@@@A@CBAAAAA@A@@@A@A@@@@@@@@A@CAA@ABAB@@A@@BA@A@A@@@AAA@@AAAAA@@@@@AB@@A@@@@@A@@@A@@@ABABA@A@@@@@A@@@A@@BABC@@@@BABA@@BC@A@@@A@A@@@C@@@AAAAACACAA@AA@@AC@@@A@A@@@@@@B@@@@A@@@@@@@@B@@@@@@EAA@A@CAA@@@@@@@@AA@A@@AA@A@@AACCMEAAA@CAA@ABAB@@@DABADCBABC@CAA@CBCAAA@AAA@@C@@@@ABA@CAACAcGA@AB@@@@DHHRBDDFBBHDNLBBDFB@AB@@@@EGAAOI@A@BGH@@@@A@HG@A@@CCA@EDKDEB@@@AA@MBA@@@HX@@GBA@A@AGAE@@A@AA@@AAA@@@@BA@G@@@@B@BAD@B@BAHAD@B@@A@@DTJ@@@@AB@@CJ@B@@@@AD@@AJAD@BABC@IAMAGAA@ABAJAFAB@H@H@D@DAPAL@BFLBBB@L@@@B@@L@DAF@FAJGVGVELENEHCNAH@JE\\EFCDENABA@GCA@ABCH_@C@GAC@KGGCCEEAEAE@EDCFILCLCH@HDPCF@F@DDDDNFHFHDBHDVJ@HA@ABINA@@BBBBD@@@BA@ABA@IBEBEB@@ABCDAD@FBX@@@BABCHAD@@ABABA@G@EBA@ABABAD@DBHDH@D@BADCBCB@BCDADABA@ABEBGDMFIFEDGHCDABE@A@A@ECCAA@AAKNCFIRIXERADELOCADANBL@LBL@@B@@BBB@@@@BBB@F@B@@@B@@B@@@@@B@@@@@BA@@@@@@@@@@@C@@@@@A@A@C@A@@@A@@@@DAD@BGBC@E@K@C@K@CBKDGDCBEFCDENqVmPUNEHCFABA@I@gDY@@@KABA@CBEDFO@A[J@_ODH[XG@I]DEEACAG@CACAEAC@ECCCCE@G@GBG@@AEC@@A@MB@B@F@B@BGBKD@@A@@@A@CB@@A@@@A@CBA@@@C@A@C@A@A@@@CB@@A@@BC@@@AB@@ABAB@@ABA@CBCB@@AFQGK@@BA@@BA@@BKB@DA@G@A@@CA@AGW@@@A@@@G@@@A@@A@@@EC@I@MDABE@@DC@@DA@@BCDGDAC@@AACBC@EBAC@@AAABCGF@AEGC@EA@AC@CEDAA@@AA@@AAA@@AABC@A@AA@AWCEA@BGA@@EA@DE@BGeGCAC@C@GB@@C@@DC@@CCAC@AA@AGA]C@FE@KB@AHAAASDAAG@AGA@@AM@Q@EA@AA@@CI@@BG@@BB@@DA@@CEB@CKB@@CBB@MB@C@@@EG@A@@AK@@BA@@EB@@C@@@@B@AED@@@E@BDA@AC@@CEABCC@@AAA@CCACCCACAADA@@EBCC@@DA@AABACC@BBA@AAACGAE@@CAA@@AEF@GI@CCAA@GBEBEDCBCBE@GDCBGBEBEBGBCAE@C@G@GBE@E@E@E@CBG@C@GDEFGDEBCBCAE@EBEBEBC@G@C@E@EBC@GDGBCDCBEBGHCDCDCDGFC@CDEBEBC@CBEBC@EBE@GDEBEBEDCBE@E@C@EBE@EDCBCDCBCDCBADCF@FAHAD@BABCDMDGBG@C@CBE@G@EBC@CBE@EDBFDFFFBDDDDBFFFDDFBDCDCFABEDGFGD@@@@EFEBCBCDEBCDEBADCDCDCDCDAFABEFADADGFADEFCH@DAF@D@F@D@D@FBF@FDFDDFBFBHDH@DBFBDBDDFFBDBDBDBB@@@@BD@DBDDFBDDF@FCFEBA@@@EDCBADBB@BBBBDDDBFBHDDBBJBF@D@F@B@DADAHAH@F@DDFJBBBFBDDFFFBDFHDFBDDDBFFBFFFHBD@D@DBDBDDHFDBDDDBHCDAFABCFCDADADADAFDBD@HCDAF@D@HBDDBD@D@H@FHCDADEDEDCDCFADCFAF@H@D@HADFHPHTHRDJDPATGRWfGDKCCA@@@@@@EAEASGKA[CBD@DAFAFAHAD@@@@@@@DAF@DAF@@@@@@CHADCFEDE@EDEFADAD@DAD@DAF@H@DAD@D@@@@@@CHAH@F@FDFDFHDHBJDDBFDFFDFBDBDBJBD@D@DAF@FADAF@FCHCFABCF@FAFAF@D@DBFBHBDBD@D@F@D@D@D@FADAHAD@DAFADAFADAF@HAFAFCDEBGBA@@@@@C@EBCBE@CAGACAEACAICGBEDCBEHGDCBCBE@E@GBEBGDCBEFEFADCF@FAB@@@@@D@HBFBFBD@FBD@D@FAD@F@D@D@D@DAD@F@B@FAD@FAF@DADADAFAFAD@DAF@BAFAD@DBFDFFFB@@@@@BBDBDD@D@JEFABCFADADAD@@AD@H@B@D@B@DBDBBBBBBBDBDBBFDBBDDDBBBBBDD@BEHGNADAB@BADAH@FAB@B@B@B@BAB@D@B@B@B@B@BA@EDCBABEDKHEDEFADIHABEFQTCFQNUJQJSJILIJIJSNQJ@@@@GD[PSLUJ[JUJQFYH@@@@ABODUFYDI@GDCFAJCFAD@DAH@FAH@DBJANBF@B@H@D@B@F@B@B@B@D@B@H@JB@@CB@@JDA@FFA@V@JDBHDGN@HYB@JA@A@BFDDDBF@FBFBD@DBH@D@H@DBF@DBB@DDBBBBBD@FADETDA@F@LD@@HDB@@ADLBNdFLDHBN@R@PAxKJ@D@B@BBB@@@B@BBBBDN@J"],"encodeOffsets":[[118836,36846]]}}],"UTF8Encoding":true}