{"type":"FeatureCollection","features":[{"type":"Feature","id":"371100","properties":{"name":"日照市","cp":[119.461208,35.428588],"childNum":4},"geometry":{"type":"MultiPolygon","coordinates":[["@@BABAB@DBB@@@@AAAAACB@@A@A@A@A@C@A@BBDBBBB@"],["@@@A@@@AAAC@C@C@@F@@F@DBB@@AB@"],["@@@AABA@@B@@@BD@@@BAD@@A@@C@A@"],["@@A@@BA@A@EEBA@CCAAA@@@CDEBC@EACAADA@AAC@CAEAC@AEA@A@@@@@ABA@AAA@AB@B@B@@A@@@@@A@CBGBAHEHG@E@GAMBSACCC@A@CBABAECAK@@E@AABADADABAKIAC@C@I@EBCHEPGLABABM@ECC@ABABCD@F@HDF@LBF@B@FED@BBD@DCBCF@FABBAFAFB@DBH@DDDDLHD@HC@ABIDED@LDDDFL@JBBFBB@JIF@L@B@BA@CBABABABADAD@@@FCNGD@F@D@HBFOBKAKEMYsUyGICCC@CAAAAMCOMuCICECCYKEEIOIUO_CU@IBKJEFGFC@GAIAGEEIEOEQC]EICEMCEAG@E@ADAZ@D@BAACACA@SAC@AAAC@qAAAAC@ABAD@F@BCBABABIAGBCHCTMHM@QEOGSMsmu}MWKWMyKwIA@DGFE`MHCBE@ECEGC]MAGDYCEUCAECAQM]EKHGHM@MGbA@AD@B@BA@ABA@ABABABAD@B@B@D@BA@@B@@AB@@@B@@AB@@A@ABABAB@@A@@@AB@@A@GACBA@C@A@@@A@@@@@AB@@A@@@A@A@A@A@@BA@@@A@@B@@A@@@@@@@@B@@A@@@A@A@@BA@A@@@@@A@ABA@@BA@A@@@A@@@@@@@@@@@A@@@CBAB@@AAC@EAE@CACECCCAEAEAAECCECG@G@EBGDEBKTAL@H@@A@B@CDAFCBCDCBE@M@G@IBEBCDADAF@DBHBFBBHFHBA@AB@@A@@BA@AB@@@@AB@@AB@@A@A@AB@BABAB@@@B@BAB@FA@@BABAB@B@D@@CBABADAB@BGBA@@@AB@AC@A@@@A@AAC@@@@@@@@@@AIJ@D@DBH@BBBDBH@LBH@H@JBFBFFFHBFDHBH@F@F@BHFBFDFBF@J@L@FDBFDDDABABCFABAH@HAHAJCJABABC@E@G@G@GBCBCBABBDBBDDADABIJIJEDCBABAD@B@FBBBBB@DDBBBBBB@D@FADA@@@CBA@E@G@G@wIGCKCA@CB@BANABCBADAB@D@HAH@FABABCBC@CDABBD@DADCBE@ECGBaNEFCFCBIDKDEDIFIBIBG@O@A@C@AACAKC@AGACACC@C@@BEDEBEDE@CBC@CAE@CCEECECCEGECEECCCCAEAC@@@A@C@CBC@EBC@EBCAA@A@AAMGAAC@CBIHABAF@F@B@DAFA@EDA@CBIFEBEBG@G@IBE@ABC@EDKF@@GDA@ADAB@B@@@DBDBBBD@BBB@BA@@BBB@B@BAD@BBD@BAD@BABAB@@ABA@A@A@AAAACGACCGAACAECGCCACCCCA@AAA@A@EBC@CBA@A@A@E@A@AAEBA@C@CBA@A@CAE@E@EAC@ECC@C@MBE@E@A@@BC@CDABCDC@AAAA@G@@AA@@ECE@CAC@A@C@AACACAA@C@C@A@CAECAAC@A@IDABABEBEDEDAACAAACAEAA@C@@B@B@B@@A@@B@@@@AB@@@BA@A@ABA@@BA@A@CBCFCBABAB@B@BA@@@A@A@AAGEEEAAACACA@AA@@C@@@A@CBABABC@EBA@A@A@A@A@C@KBEBC@A@C@EAMAECGAA@C@EBA@@B@B@D@F@J@B@B@D@BAB@@@BC@EBC@C@E@CBE@CBAPAPCFAF@DFB@@@@@@FDHBHDHFF@D@HAHAHBF@DBBD@DCBCBEBCB@DAFBHAF@BED@D@DJDF@H@D@HBDBBDDFDBFBHBD@DADADED@F@F@F@HDDBH@F@F@BADED@D@F@JDB@@BBB@BFDDBNHDDFJJPBFBBEFCDADCFABCBGBCD@@@@ABCBCDEBGDCDEDCDBH@FAHAFADBBDDFDFFHDHJNHJH@D@DADAD@DBDDDB@DBHDDDDFBDDFBD@DCLAB@BCH@D@HBDBDDlFLJLDBDFFFFDBDHFDDFDBDDFFFDDDD@@@@BBHFDDDFDFBDBDBFBD@DBFBDBDBDBFBDBDDDDFBFBFDB@FBF@FADCFEBC@E@E@EAG@E@EAGAG@E@C@GAE@G@E@EBC@EDE@K@C@EBG@E@GBIDE@CFE@CDCFCD@F@FBFBFBH@F@D@DCFADADADAF@DAF@FAFDHBBFFDDDBFFDDDDBDFFBDDFDFBFAD@D@FADAD@FBF@DFBDHDDFDHBH@F@D@H@FDDFBFBD@FBF@D@DAF@D@H@FBDBDDD@DDFBDDF@DH@D@HAD@BDCFAJ@F@H@D@DDDFBF@H@H@F@F@DBJBFD@B@FAFAB@F@F@DBDBFDDDBHBHBD@HAN@N@RDZD\\DVFTLDFDD@DBHADADADCDCDEBCBEDCDCFNNTNRBf@T@P@`BVFPFNFLJT`@@@ABB@BLGJ@FBDARIBC@CABECA@AAGIAEBEDAF@F@DABOQO@CDKDQBCD@DAFBZDH@PBF@FADAFEBGBE@EDAHCFAJCH@NHD@HAH@L@J@L@L@HBRJNBNDJBDMHDHBFBJBFBD@F@DCDA@E@E@C@E@A@C@E@EAE@CBC@CCG@C@A@EAE@A@@BABADG@C@AA@G@I@G@KGWOMAQOCCBCJARGNIFABDBD@NBBHBH@DADCLKXMDAFAXBTBNDLBLBJBDDDDFBHDFBHFDBHFFDDDFDHFFBFDHBFBF@FAFEBC@CAG@C@CBGHEJCRANBNFLFL@H@LGFAFEDCD@BABGDEBEDEBA@EDC@CBCCGACACCCECECCCDEBCRMHK@E@C@EBGACAC@C@E@G@EAE@E@CAC@GACAE@EAC@C@CBCJ@D@FBFBHFDBFDDFFDFFDDDBFDFDHBJFFDDBHBDBJ@HBF@F@DBJDFBHDH@D@F@LEFADCJEDAFADCDCFCDEBCBCBCBCAEGCCAECACCG@EDGBMDADADAF@FBH@B@DAB@@AFCBC@CBCDABCDABA@@LGLCBA@AA@C@AAAD"]],"encodeOffsets":[[[122793,35985]],[[122778,35850]],[[122704,35834]],[[122395,36589]]]}}],"UTF8Encoding":true}