{"type":"FeatureCollection","features":[{"type":"Feature","id":"370200","properties":{"name":"青岛市","cp":[120.355173,36.082982],"childNum":47},"geometry":{"type":"MultiPolygon","coordinates":[["@@@AAAA@A@AB@@A@A@C@AACAA@EAA@ABA@@BB@@B@@@B@B@B@@@BB@@BB@BA@@B@B@BAD@BBB@B@@@B@BA@@B@B@B@@ABA@@@@"],["@@@@@@B@@A@@@@@@B@@@@@@@@@@A@@@@B@@@@A@@@@@AA@@@@@A@@@@BAB@@@@@@A@@@@B@@@@@B@@@@B@@@"],["@@B@B@@A@@@A@@@ABA@@@A@A@@@AB@@A@@AAA@@@E@A@@B@BAB@B@BBB@@@B@B@BB@@@B@"],["@@C@EDEDC@E@ECA@C@E@A@CACAA@IBC@E@C@ABCD@D@BBBD@BBBBBDD@H@JADBB@@BAD@D@BD@D@FAJCDALMB@BADBB@D@BA@C@CAAAAC@"],["@@BAB@BAB@@A@A@AA@A@A@A@AB@BABABA@A@@B@BB@B@B@B@BA"],["@@BB@@@@B@B@@ABA@A@@@AA@AA@@AA@AA@@@A@AB@B@@@@BB@@@@BB@B@B"],["@@@@B@B@@@B@B@@@BA@A@@A@@AA@@@A@AB@@A@@BA@A@@@@@@@@@@BB@B@"],["@@DAB@DABCBA@AAAAAA@A@A@@BA@@@A@A@A@AB@B@B@B@BBBB@BB"],["@@BDB@B@B@BABC@C@A@CAAAAC@A@ABA@@BBJ@B"],["@@B@@@B@B@@@@A@@CEA@@@A@@B@B@@@B@@BB"],["@@BE@EBCBABC@A@C@AAAC@ABEDCBABAD@D@BDJBDBBB@B@BA@A"],["@@BF@@BBB@B@B@@A@A@AAA@AB@@A@ACC@AAAA@A@@@@B@B@@@B@B@B@B@B"],["@@DB@@B@B@@@B@B@@@@@@@@@B@@@@A@@@@A@@@A@@A@@@@A@@AA@@B@@A@@@@@@@A@@@C@@@AB@@B@@@B@"],["@@A@@@@B@@@@@B@@BA@@@@@A@@@@"],["@@@@B@@@@AB@@@@@@A@@@@@@AA@@@B@@A@@@@@@@@B@@@@@@@B"],["@@@@@@BA@@@@@@@A@@@@A@@@@@@@@@@BA@@@B@@@@B"],["@@@@B@@@@@@A@@@@AA@@A@@@@B@@@@@B@@@@@BB@@A"],["@@BBB@B@B@B@@A@@AA@AB@BA@A@@A@A@A@A@@@@BA@A@@@AB@@@B@BB@"],["@@@@@@@@@@AB@@B@@@@@@@B@@A@@@@A@"],["@@D@B@@@B@@A@A@@@@A@@@@@@@A@@@C@@@A@@@@@@@A@@B@@BB@@@@@@B@"],["@@@@@@B@@@DA@A@@@A@@AA@@@@A@@@@B@@@@@@@@A@@@@B@B@@AB@@@@@@@@B@@@"],["@@@BBB@BB@B@B@B@B@@AB@@AA@AA@A@@@@@@BAB@@@@A@@BBB@BA@@BA@A@A@@A@@AIAA@@@AB@@@BA@@@E@C@ABA@@B@@@B@@B@BBD@@@BB@@@B"],["@@@B@@@@B@@@@@@@B@@@@A@@@@@@@A@@@@@@AA@@@@A@@@@@@@@D"],["@@@@@@B@B@@@@@@A@@@@@@@@@@@@@@@@@AA@@@@B@@A@@@@@@B@@@@@@@@@@@@@@"],["@@BBB@B@@@@@BAB@B@@A@AB@AA@@@AA@ABA@C@A@@@AB@@@BBB@@"],["@@@D@@BB@@B@B@DCDABA@A@A@@@AA@AAA@AAA@A@A@A@@B@B@B@B@B@B"],["@@A@@@@B@@@@@@B@B@@@@@@@@AA@@@"],["@@DA@@@@BA@A@@AA@@A@A@@@@@A@@@AB@@AB@B@@@@BB@@B@@@B@"],["@@@BB@@@BB@@@@@@B@@@@A@@@C@@@A@@@@AA@@A@@@@@@B@@@@A@@@@@A@@B@@@@@BB@"],["@@BBDB@@B@B@DD@@B@B@B@B@BA@@@AAA@@A@@@A@@@@@A@@@@AA@@ACAAAGACCA@A@@@@B@@BB@@BBBB@BBB"],["@@@@A@@@@@@@@@@B@@@@@@@@@B@@@@B@@@@@@A@@B@@@@A@@A@@@@@@@@@"],["@@A@@@@@@@@B@@@@@B@@@@@@@@@@@@@@@@@@B@@@@@@@@A@@@@@@@A@@@@@@@@@@@@"],["@@B@@BB@@@@A@@@@@A@@@@AA@@@@A@@B@@@@@@@B"],["@@LPHHDF@HDDDDF@FBD@BC@CAC@E@EBEDMBCFEDCDE@CAEGGGCUIGAE@IDEDCHAF@HBLBDBD"],["@@BB@DBBBBB@DB@@@DB@@BB@BA@@@A@@BA@@@A@AA@AAAA@CA@@@C@AA@@@A@@BC@A@AA@AAA@A@@BA@@BA@@B@@@B@BBBB@@@@B"],["@@BAB@BCBCAA@AAA@@A@C@C@@@AB@@BD@D@BBBDB"],["@@AB@@@B@B@B@DB@@BB@BA@@BABABEFE@ACAC@A@CFAB"],["@@@@@@@@B@@A@@@@@@@A@@A@@@@@A@@@@@@@@@AB@@@@@@@B@@@@B@B@"],["@@@@B@B@@@@@BA@A@@A@@A@@@@@BA@@@@B@@@@A@@@@B"],["@@@@@@@@@@B@@@B@@@@A@@@@A@@@@@@@A@@@@@@@@@@@@B@@@@"],["@@B@@@@AB@@@@@@@AA@@@@@@@@@@A@@@@@@@@@@B@@@@@@@@@@@@@@@@@B@@@@"],["@@@@@@@@BA@@@@@@@@@@@@@A@@@@@@@@@@@@@@@@@@A@@@@@@@A@@@@@@@@@@@@B@@@@@@@@@@@@@BB@@@@@"],["@@B@@@@@B@@@@AB@@A@@@@@@A@@@@@@@A@@@@B@@@@@@AA@@A@@@@@A@@B@@B@@B@@@@B@"],["@@B@@@@AB@@@BA@@@AA@BAA@AA@AA@@@A@@BA@@B@@@B@BB@@B@@@@@B@@B@"],["@@@@@@BB@@@@B@@@@AA@@A@@@A@@AA@AA@@@@AA@@B@@@B@@AB@@@B@BBD@@@@@@B@@A@@BA"],["@@BB@BDBBBFGBC@CBA@AA@@A@A@ABCA@@CA@@BAD@@A@AB@B@BA@@@@BABAB@B@@@@AB@B@@@@@@@B"],["@@@CBKDABAB@BD@@B@HADB@BBBFBFB@@BA@@@CB@H@DAD@DAF@B@@ADCBADA@@@@AA@ADAB@JB@@FEB@B@BBB@FA@@BB@BB@FA@@@BBBB@B@FALA@C@@BABAD@DBDFNFF@FEDCD@BB@HFJ@BAHMLGDKPGLEDCBKBCBAB@FBD@JDF@B@FBHFDB@J@D@F@DBBB@FBDDFDD@DADEDGHADBLBHBFBB@@@@D@DAB@@@@B@BDD@@D@B@B@@B@B@BB@BDBDFH@BB@FB@@@@ABA@A@AD@D@BDBF@B@BBBDB@F@DDFDFDBBF@F@FAFCFAF@F@F@FBBD@B@BCB@BBBDBFDBDBBFDBBAFBBB@F@B@BBBB@@FBD@B@@A@@@@B@BB@@B@B@@A@AB@BABCD@HC@ADE@@FAB@FDD@B@@BBB@D@B@@ABGB@BB@@@B@@@@BAB@@B@B@DAFCB@@@DD@BB@B@@ABA@AB@B@BB@BCFBBBBBF@DAFADAD@JADAH@B@@B@@@@BAFABA@ABAB@DAB@BA@@@A@C@EHABCJ@F@@BBB@@BCHA@A@@B@B@BBB@BABA@@@A@AAAA@@A@BD@BA@AACAAABA@A@AA@ADA@A@AA@AC@@BBR@@BD@B@BEBEHBBDBBB@BGPOVG^AJDPAJ@DBDDBAFC@AFAA@@A@CN@BLJJBHD@@BJHB@@LBAFHBAB@@@D@BBB@@BD@@BBB@BBD@B@@BB@@D@@@@@@@B@@A@@BABABA@ABA@@BAA@BA@BB@BBB@B@@ABA@ABA@A@A@A@@@A@A@A@A@@@AAACACA@AB@B@@BB@@@BB@ABACODGDQNCBAE@GI@@@C@@BD@@B@@E@@BDB@BEAGBABBDG@O@ABABC@U@AH@BBBCNB@@BDBCJ@HBDDBPB@BJBHDJDAHFBAFC@CDAF@B@D@BEDCDCJABA@@DDDB@@ABAFB@BA@@LBBDJ@BD@@BDBBD@@@NB@@AD@APB@JB@DBDFD@FA@@@@HFFB@F@LD@B@BBDFINEHBB@DDD@HEHAF@B@B@@BB@BBB@@AB@B@@AB@B@@@B@B@B@@@B@BA@@BA@@BBB@@@B@B@@@B@BAB@@A@@@E@EBC@ABAB@DABAJBJEF@F@LFDFNFF@H@ACF@J@PFDB@DJABA@@@CB@BBDBJADAF@B@ADBDB@@D@@ADHABCHAADDJHDBAD@DB@D@D@BIFBFEHCHBDBFB@BDDH@BCDEAG@CFEJCJAJABA@A@AFDHHHF@DD@BB@B@@B@@@B@B@@@B@@@B@@AF@DAD@B@@BBB@B@D@B@@@B@B@B@@BB@BB@@BB@@@B@@@B@@@@@@@B@@@B@@@B@B@@BBB@@BB@@B@@@B@B@@@@@@@@@B@@@B@@@D@B@B@B@@@BBBB@@B@@BBB@@BB@@BBB@@BB@@BBFFFDDBBDB@@BBB@@@BB@@B@@@D@@BB@B@@B@BBB@@@B@B@@@BAB@B@@@B@B@BD@@@B@@@B@B@@@B@@BB@@BBB@@@BBB@B@@@BBB@@@BBB@B@@@BBB@@@B@B@BB@@B@B@@BB@B@B@@B@@JBDB@BAD@D@BBB@DBB@BBB@@BB@@BB@@BB@B@@@B@@@B@@@B@D@B@BB@@B@@BB@@@BAB@@AB@@AB@B@@@B@@@BB@@B@B@@BB@@@B@BBB@B@@@B@BB@@B@B@D@BADABNFAL@@FBEJBBBBHBVBBAJBB@F@DCFABC@@THAHABA@AH@DCBEDC@EF@@@BA@@BA@A@@@C@AB@@AHAJBB@D@HB@@@@@@@F@@@@@JB@DB@@BB@@B@@@B@@@B@B@@BB@@B@B@B@@BB@@BBBAD@B@B@BB@BBDD@@BDBB@@@BBBB@@@@BBB@B@@BA@A@@BAB@B@@@BBB@BB@@BB@B@@@@@@B@@@B@B@@@D@B@@@B@B@BB@@B@B@@B`BN@F@BA@CFAJBF@BB@DAFB@B@B@D@B@BBAF@J@@B@BBB@B@@@@B@@@BA@@@A@ABBB@@@BA@@@A@AAEDA@@B@@CNBDB@BB@@@BBB@@DBDBB@BBBBEB@@A@@@@A@AA@G@@@@@ABAHDL@B@BB@AB@@@@B@@@B@@@@@@@@@@B@B@@@@BB@D@BBBB@@B@BA@@DG@@@A@@AC@@@E@@GAACBIDGDCBCBEDEBCBCDAHC@@DC@U@A@@DIA@EA@A@ICAAA@A@@AA@AA@@AAA@@AA@A@@AA@AA@@@A@@AA@ABC@OBCYAA@AH@LAF@B@NAF@D@BADCD@@C@GBGBG@EBC@A@C@A@CBC@ABIBC@EBA@A@A@A@A@CBC@A@C@ABC@C@A@CBC@A@A@C@ABA@A@A@C@CBA@A@A@A@CBA@A@C@ABC@A@CBC@A@CBA@@@A@CBA@CBC@ABCBA@A@CBCBC@ABA@CBABA@A@ABA@ABA@@@A@A@CBA@A@CBA@A@C@@@ABA@ABA@AB@@A@ABA@A@A@@@A@@@A@@@@BAB@@@@A@@@ABC@ABA@@@@@@@@@BB@@@@@B@@@@A@@@@@A@@@A@A@AAA@@B@@@@@@@@BB@@@@@@A@@@A@@AA@@@A@@B@@@@@B@@@@A@A@@@@@A@@@@@AB@@AB@@A@@@A@@B@@A@@B@@ABCBG@@AGA@C@AKAAABAIAA@ANDJBLBBD@ABCB@@@BA@@@@@@@AB@@@@@@A@AA@@@@@@A@@@@@@B@@@@@@A@@B@@ABA@@@@@@@CD@@A@A@A@@@@@@@AB@@@@@B@@@@@B@@AB@@@@@@@BA@A@@BA@@@@@AA@@A@@@@BA@@@AB@@@@A@@@@@@@A@A@@@@@A@@@A@@@@@@B@@B@@B@@@@@B@@A@AB@BA@@B@@@@@@@@@@AB@@@@A@ABA@@@@@@@AB@@@@@B@@@@A@@@@@@@@@A@@A@@@@@@A@@@@@@BA@@@@@A@@@A@@@A@A@@@A@@@@@@@A@@@A@@@@BA@@@@@A@@@@@A@@@@@A@@@@@@@@@AB@BAB@@@@C@@@A@@@@B@@@@AB@@@@@@@@A@@@@@@@A@@B@BAB@@@@@@@@AB@@A@@BA@@@@@@A@@A@@A@@A@@@A@@@CDA@@BA@@B@@@@@BAB@@A@@@@@@@A@A@@@AB@@@@@@@@A@@@@B@@@@@@@B@@@@C@A@@@@A@@A@@@@@@@@@@A@@@@AA@@@@@@@@@@A@@@@BA@@B@B@@@@ABCB@@ABABABABA@ABABA@A@A@A@A@@@@B@@@@@B@@@BA@@BA@A@A@@BA@A@AB@@A@@@ABA@A@@BA@@BA@ADA@A@@B@@@@BB@B@@@BABADA@@B@BA@@BAB@@@B@@@BAB@B@@AB@@@B@B@@@@AB@BA@@B@@@BB@@B@@AB@@@BA@@@AB@@AAC@@BA@@@@B@@BB@@AB@BA@@@AB@@A@@B@@@B@@@B@B@B@@@BA@ABA@@@A@@BA@BB@@@B@@AB@@AB@@@@AB@@@@@@@@@B@B@D@@AB@@@BA@ABA@CBABCBAB@B@@@B@B@@@B@@ABC@@BAB@@@B@@@BAB@DA@AB@@@@@B@BAB@BA@@@A@ABA@A@A@@BA@A@A@AAA@A@@@A@ABAB@BABABABADA@@@A@ABA@A@C@A@CB@@A@CBABADADEFEJADGJ@HADAPCP@@@LBJBHDFDFFDAB@@AB@@@DBB@@@B@BA@@BB@B@@@BB@B@@@BA@AB@@BB@@B@B@@@B@BAB@@@BBB@@@BBB@@BB@@B@@@BAB@@A@A@@@AAA@@@A@AAA@@BA@A@@B@@@B@@@BB@B@BB@@B@B@@@B@B@BB@@F@@@BAB@@AB@BA@@BAB@@AB@B@B@DAD@B@BBFDBBBDFJBBDHBDFJJRNXJPDF@HBLBXAP@N@N@TBN@HAFAFELGLIPCFAD@DDFDJDLHTFRDJDDFFDB@DDHFZFDBBDBB@B@B@@EBCL@@@B@BBDDF@D@D@@CH@BE@@D@B@LB@AB@@@@AB@@@@@H@@AFA@AHBTGH@@CHBDA@C@CJAD@BDFBRFDC@AB@BBB@B@@@@BA@@BVH@AA@FG@A@A@AD@@@BAA@@ABA@EBAPGNB@BDBFBH@@@@@H@ACB@TDF@HHF@@BAF@BF@@DCA@DD@@FH@@DB@@AB@@AD@B@HBA@JB@BHBD@B@B@@FR@@CFBBEDBBGD@ACF@@CD@D@@A@@@A@A@AB@H@@B@DF@@DD@@CFAJ@@AH@@@F@BBL@@BVA@AB@@@N@@@DAN@NBDCR@HABA@ABATAX@FFNDDBDBA@@@@BA@@@@@A@@B@@@@@AA@@@@@@@BBABA@@@D@BA@@BB@@@@BC@@@@FFB@B@B@@@@@B@DBD@BBB@@@@@@BAB@BB@@@ABB@@BB@@@BB@@BE@@@@BBDBBBB@B@@BB@D@FB@@B@@@D@D@B@BA@A@@B@DAB@B@@@BDB@BBBD@B@BB@@@B@@A@@B@@@@BBABBBA@@@AB@@@DAB@BABA@@@@@@B@@@B@@A@@B@@@@BBAD@BB@@BBB@@AB@B@@@B@@A@@@A@@@AD@D@BAB@AA@AB@DAD@D@DAD@B@BAB@BA@@BC@A@AB@@@B@DBBBBA@@@@BBB@@AAAB@@A@AB@B@BBB@@@BB@BBBBB@@@B@@@BB@@BB@@@BBD@DB@@@@AF@@@B@@BD@B@@BD@B@@DB@@@DB@@@F@D@@@B@B@D@BADBDAB@H@@@BAD@@AB@B@B@B@@@BDB@B@B@D@@@BAF@DBB@@@@A@@D@B@B@B@B@@AB@@A@@B@B@@@@AB@B@BAB@@@@B@@BAB@B@@@BBF@B@D@B@B@BBB@BBB@D@@@F@BAB@B@DBDB@@DDB@DBHBD@@@H@@A@G@A@AB@B@@B@@@@BAAA@@B@@@B@@@B@BB@@BAD@B@B@BBB@B@BA@A@@@AB@BBB@BBABB@@@B@B@@@DBDDB@@@@BB@AB@@A@@D@B@@@B@B@BDBF@@@BB@@@D@B@B@BBD@@DAB@D@BAD@B@@@@@B@@@@B@DB@@B@@DA@@B@@BB@@BDB@@BAB@ACB@BAB@@@@AB@B@@@@BB@@BB@DBB@B@BBB@B@BB@@BB@@@B@@A@@BB@BBB@@BBBA@A@@B@@BBBB@AB@@BB@@BAB@BBBBDB@@@CB@B@@@@DBB@BB@@@@B@@@@@BD@D@DAH@BCB@@@B@@@BBDBBABBBDBAD@DD@@BAB@B@@BB@@@BB@@B@BD@DBLB@FA@@B@@AB@@BDD@@@@@B@@@@@@DB@@B@@@B@BAB@BB@@@@B@@AB@@@@ABBB@B@@@B@@@@@BB@@@@B@B@@@BB@@B@B@D@BC@BBBDBDBB@DB@D@DABABABCBABAB@B@B@BDB@BA@@FADCHCB@D@B@BBB@@BB@B@@BBDB@BB@@B@ABBDBBD@@BBB@B@@BBB@BB@@@BB@BBB@B@@ABAAEB@BA@BBB@B@B@@@BB@DBD@B@@AD@@@B@B@B@B@BAB@@B@BFBBA@A@@@A@E@ACC@CA@@A@@@A@AB@@@@@B@@A@@@A@@B@@@A@@@@A@@@@@@@@@@BAA@@A@@@@A@@A@ABCBC@@B@@@BB@B@BBB@@@@AB@@@DB@LCF@BC@@@A@@BAB@BBBA@CB@FBB@@BB@@@BB@@B@@@@B@B@B@@B@B@BA@@B@DCBC@AB@@A@@C@@AA@A@BCD@FB@AA@@A@E@@@A@@AC@@@C@@@A@@BA@@B@@@B@BA@@@ABAB@D@DABA@@@@AA@@@A@@@A@C@ABA@@B@@@@A@@BA@A@@@ABBB@BBDB@B@@AB@@@B@@@B@@B@B@@@@DB@B@BAB@@D@DABC@BBFB@@BB@B@B@@@@@@BB@BBD@B@B@@BB@@B@BBBBD@BBBBDAB@B@B@FBB@B@D@@AB@BDB@ACBA@@@@D@BBB@@AB@@@B@B@@@BABABA@ABA@@B@B@@AB@@APAB@D@B@@BBBBBBB@F@B@B@@@@A@A@@B@BAD@B@@@@@@@BA@@BA@AB@@@BB@B@B@BA@@@AB@B@B@B@B@BBBDBB@@B@BA@AD@BCBB@B@@FBDB@@D@B@@@@DF@@@D@B@D@ABA@@BA@@@@BB@H@@B@@@BA@ABB@D@@@ABB@B@@@@AB@@@@AB@B@@A@CHABBB@D@@@B@BABAB@BAB@B@BAB@@BBB@BD@DBDDLDBBDBBAD@@@H@B@@BD@@BB@B@B@BBBDABBH@B@@BBBBBBDBBBDBDDDB@BBDB@@@BBABABD@B@B@@@@A@@@@@@H@B@BBB@FA@@A@@A@ABA@AD@F@DABC@C@A@ABABAHCB@@C@@BDD@BA@ABB@@BBB@BAB@@CAC@ABA@ABC@ABA@ABC@@@ABA@A@@@@@A@A@A@AAEAC@C@AC@A@G@BA@AA@BAC@BABABA@AC@BAB@@AA@@AAC@@A@@A@A@A@C@AAA@A@ED@@A@C@BDAB@@G@A@A@@E@@AF@@@E@@A@@B@@A@@BCA@@ABC@A@AAA@CECA@@@C@@AAABCBA@@BE@@@AB@BA@A@@@BB@BAF@@CA@@AFAB@DADA@@DBBBBBFBFDBBB@FABA@@DBB@BAD@@B@@BBB@B@BBBBB@B@BB@B@@@@@D@B@BDFB@D@@AB@@A@ABAA@@A@A@@@A@C@A@@ACBADDPA@AFB@AH@B@@ABBBB@@B@B@BADG@CBAA@C@@BCA@AAA@ABAB@D@B@DC@C@A@@BCBC@CB@@A@AACA@@ACAA@C@AA@@AAAC@AC@@A@@@@HC@E@@@A@@@CB@@A@A@CAAAACB@CB@@AAA@AE@BGI@B@E@ABA@@BC@@FA@@DG@@BCB@@ABABC@CAAAAA@G@C@@C@@@@@@@@K@@EBBCA@@C@@A@@CA@@AA@@@@@@A@@@EB@@AA@@@@A@@@A@@@A@@C@BC@@@AAC@@@ABA@A@AA@@@C@@@AA@@@@@@@@@CA@@@A@@@C@@@A@@CB@B@@@@@B@@C@ABC@@@A@@@ABA@AB@B@D@AEB@H@B@@@BEB@@@@@BCAAA@@A@@@C@AAABAB@@@AA@@BA@@@AB@AA@AA@@A@@@A@A@AD@@AD@DA@@BA@A@@A@@A@@D@B@@AB@@A@@D@@A@@BABAD@ABB@@ABB@A@@@ABCBB@ABA@ABA@@B@@AB@@@B@HB@CD@@@D@@@D@@@P@B@D@B@@DDBBGA@@CB@@@@@@DB@BABB@CA@BKAAA@BI@EA@BCGA@A@@@ACAA@C@A@A@A@AAA@@@@@@A@CA@C@@@A@AB@@C@@BA@AAAACAC@C@E@A@A@C@CAA@@@C@AAAACBA@@@BE@@@A@AAABC@AB@@A@@@C@AA@@A@@BA@@AE@@@@@@@A@AB@@@@A@@@@B@@A@@D@DAB@DB@AB@BBB@@@BABA@@A@@AB@@A@@@@DABAD@@AC@@AA@@@BA@@@AA@C@@A@ACA@CC@@A@CAA@AD@@DB@@EF@BBDAB@DCBAB@B@DAB@DAF@@@BA@@BABA@AB@AA@A@AA@@AA@AAAA@CAACAB@B@@AE@@@@AF@@@CA@ABCACA@@@BA@AB@CA@A@@AAAAAAA@CABC@A@@@@CBABC@@@@AA@A@@A@@A@A@@@@BA@@@@@@@A@@B@B@@A@@A@A@@ABAAA@@@CBK@A@A@C@@BA@AA@@@@CAAB@@@BA@EAAA@A@@B@@ABCA@@C@AA@@AA@@AAEACAA@@@A@A@A@AA@@@@AAA@@AAA@@@@A@A@@GC@@AAC@BA@@AAC@BA@A@@@A@@@ABAC@@@A@@@A@A@EADEDE@ABAAA@CBA@@@@FBB@@A@AC@C@@A@AA@@@@@@C@A@A@ABCBA@A@@HBBB@A@@@ABA@@BABAB@B@D@BB@@B@BCC@@@@AB@B@@ABA@AB@BAB@D@@@D@@A@@D@@@F@@@@BFB@@FBB@BAB@DC@A@E@@@AB@@C@@B@BABAB@BAB@@@@@@@CA@ABCBG@@F@@@@AA@@@AA@A@ADB@AB@@@@A@AB@AABA@A@A@@@AA@AA@@AA@AEA@A@@AA@@EC@ABBDAEA@@BABAB@@@@@DABB@A@@D@BAD@BBBA@AB@B@@@B@@@D@BA@@@B@@@@D@B@B@@ABBBAB@BABA@@B@DBBABCA@@ABCBCA@BABBBABAA@@ABABB@@D@@@BA@@@A@A@@@@B@BA@@D@@@@@@AB@@A@@@@@AA@@@A@AAA@C@@@BOBGB@B@B@BD@@@B@@F@D@B@@BB@@@BBBBB@BBBAB@BA@@BBBAA@@AB@B@BA@@D@BB@@BA@@@@ACAA@A@AA@A@@C@ABABA@@BA@AB@@@B@@@@@BDB@@@@AD@@AB@BA@ABA@@ACB@AA@A@AAAA@@A@AB@@KBC@CAC@@AA@AG@@DC@@@E@CA@AC@AC@A@E@C@ABA@@A@@AAC@@A@A@@AA@@@@AA@@A@@BA@GAE@@B@@C@AAAA@A@AA@@AA@IAE@@@@@CB@@A@E@CBA@@@A@A@C@A@@DCB@@BB@D@@@BD@@B@@@BBB@FBBBB@DAB@BBB@@BD@B@BBB@DBBB@@BB@@@@BD@BB@BAB@B@B@@BBB@BB@@@BAB@BBB@@@B@BBBAB@@@B@@BDBDB@@DDD@BBBBB@@D@@D@F@@@B@B@B@F@B@@DABA@@D@@A@AB@DABB@BB@B@@BB@@D@@@@@D@BDDB@@BJ@@AB@FB@D@F@FBFBD@@BH@B@BAD@DADCBAA@E@@@@C@@BABAB@BB@@@@FBCB@@@@D@B@BABAB@B@BB@@B@BABAB@DAD@HKBABCRDBEB@B@D@BAJGB@@C@AFE@@AA@A@A@@BABBD@B@DCÂnDBDAJCNGRCN@HENW@EAGDEVKLIF@PFBBDAFAHGFAFAbCD@FBD@FAHCFCFCDCRSDEACECMOEEQQOWACBAHK@AACEE@@@C@ATQBADCBC@C@CCGACCCCCEACAC@CAAAAG@AAA@AACC@AAEACAEBAFEHABA@W@CAAAAAAAC@EAC@@CAA@CBCDAJGBCBC@CBK@CBABAJGD@B@DBDBD@B@BC@A@EAAAAKGC@C@A@AB@BBBBB@B@B@@@@GFAB@@A@@A@@AAKIOMGGEKCEAACC@@AABABAB@BABABEBCAC@AAACCEACAE@C@AACASG@B@BDBDB@B@BABYHCBCBCBADCF@B@D@H@BAFEJ@DBDBBRNBBBD@H@DADCBUNCDC@IBAB@B@BBBBBBBBDB`AFADCDEBGBG@ÍGA@ACACBGBIBGDEBC@CCIECKAI@KBGBCAECEEAEAA@C@E@CAECAEBGCKECC@@@A@AACAAEEGECACAACACAEBE@C@EDE@CBABABAB@LCFCDABAFGBABADBBBBBDAHCBA@CBIBCBCDCHGDCBC@ABE@@BCFA@AB@@AAA@@AAA@A@A@ABAA@@@C@AAA@AA@@@A@A@EDA@MDODI@G@GAKCE@E@C@C@CDCBE@IAE@CBA@AB@BEDA@EAMSBBDAB@BA@KBCDABADCBE@C@EACACAACCEECCCAACAA@C@CBCBADEBAB@D@D@FBFBBBDDDBDBB@DAH@DABABA@CAQAEBC@CHK@A@A@AKKEE@A@C@ABADCFCBABA@CNmBG@A@CAA@ECCAA@C@ABCBC@C@O@CBCBE@CBAB@RCBA@ABAAA@AAAA@EAE@C@AAAA@ABAJCD@BCAEAKBCB@D@JDD@D@DABCBE@CACEECCCAMCI@IAGBKBSJE@AAkWOEKAEACBIDKHEBC@AACACAACAA@E@CCEECECCAEAE@E@K@EBCBABAB@BBBBD@B@D@BABABA@CBCA@AAC@C@AAAAA@@AAA@C@A@IBKBCBAFA@A@A@ACA@@AAABAHIBC@A@AACACAAAAA@A@A@A@CB@@A@@@A@@CA@A@AAA@ABIDC@A@C@A@AACAC@CAO@EAIACAEAC@EBIFABC@C@A@A@A@C@ICGCC@AACC@@AC@A@@@@A@@A@@@@AB@@@@A@@@@@A@@@AACCCCEECAACCAAACC@@AA@@@@@@B@@@@@B@@@@@@@@@@@@AA@@@@A@@@@@@AAA@@@ABABA@A@AB@ACA@A@@C@@@AA@@@A@@@@AC@A@@@AB@BA@@BA@A@A@@AAA@C@A@ABA@@@@BB@BB@@@B@@@B@@@@@@EAAA@@C@C@A@GDA@C@A@ACGCECG@G@Q@ABA@BB@@BBB@BD@B@BABABA@@@A@AAA@@AAA@@AAA@CBAAA@A@CAAAA@A@A@@AAAAA@A@@@@BAB@B@@A@A@@@A@AAAAACAAAC@A@A@@BA@@B@BBBAB@@@@ABABA@ABA@A@AA@@A@A@C@A@AA@@AAACCAAAA@A@A@A@C@@B@B@@@BB@BBBB@@BDBB@B@@ADABABA@A@A@AACCCAC@G@C@A@A@@B@@@F@B@@B@@@@ABA@@@@B@@@@B@B@B@B@BA@@BA@A@A@A@@AB@@A@@AA@@A@@@AB@B@BA@A@A@AA@@AA@AAA@@AA@@A@@ABAB@@A@AA@@@AAA@@@A@A@IBGBC@A@A@@A@@@A@ABABC@A@A@@@AA@@AA@A@@BA@@B@BA@@@A@@@A@@@@AAA@@AAA@@BA@@BA@@D@@@BDBBB@BBD@B@F@FBB@BBDBBD@@@B@@@B@B@@B@@@BAB@@BBDDB@BB@@@B@@@BAB@BBB@BB@FDF@DBB@@B@@@B@@A@EA@@A@@BBBHH@B@@@BA@C@AB@@@B@@@@HBBB@B@B@D@D@B@@BBNFBB@BEB@B@@@BFHBBB@B@BAB@B@BBBDBFBTBHDFZjBBBBHHHHBD@@AD@B@DDFDBDBJ@D@BD@DAFKZGJE@CBEBOLGFCFCFIJGHEHCDC@]EOGECAGBODIBCBAD@F@DALEBCBABK@CCECAGB]@CAAACCCEA@A@C@ABAB@D@BAB@@ABCAACCCC@G@EBEDAF@DBDFFBDADCBWBI@ECAAEIEEEAE@EBCDE^AHEDIBIAeIOEECGEOOCC]QICCCEED}KQOIWAOAN[BC@M@CDCD@`CLALAHCHELSD@B@DAD@HEDA@A@AAA@A@ABA@@JGDAHCH@LA@HAFAFCBC@EAIAEAACAM@CAAABC@ABAB@@@B@BADA@@@A@ACC@A@A@A@A@AAA@@OKA@@CBA@AACiaCAA@EBCADCDAF@J@FBHDLHPJPLTNPHJBPQ@CIGGIO[@CBA@AAEACBCBAD@D@DBBD@B@D@D@B@BFBB@BBADAH@B@@HFB@B@FIBCB@BALDDB@BEJAD@DBBDBJFDBB@FHBBDBDAJAFAD@HAD@DA@ABAAA@A@AHEBCBAW}CEGASCCAE@UBI@E@GAICKGAAAAACAG@CACAAA@A@E@A@A@A@AAGGEICGCCGKCCAACAGACACCEEACACAGACB@@C@ABCBA@AAAEIAA[ECAC@GBI@I@ABA@@B@B@BDFDDBB@H@FDDBBBBBDFDDBDD@DBDBFBDB@@BB@B@B@FBB@@B@BAB@B@FBB@BB@FBFAD@D@FDDBDFBBAD@DABA@ABC@_IYKAAAAAACI@ACEC@@AAA@A@AA@AA@BA@AB@B@@A@AA@AB@BAFCAA@@CBCAAA@ABA@AA@C@AAACCCCAC@E@C@CBADABABANABA@C@AA@@@CLM@@@AAAKE@@CAC@GFC@AAAIAMIMKEUEKAKBGFEBE@C@IEECGIEEACMWIOQcKSGO@I@E@CBADEFEB@BAB@@@BA@A@AHIDCBE@E@AACACEAAAAC@C@G@A@AACE@AA@A@C@I@A@CA@A@ABA@AAAAMcGK@A@E@CAAAACACCCGCACBAFCBIDKCKEIAGBBHDLDJEHIL@@C@A@CC@@A@@@A@A@@@CD@B@@@BDH@F@BCDOPCBEBG@KBKBE@E@C@ECEAACEIACAK@E@E@CBA@@B@B@B@@ABABEBCDAB@F@F@FAFBH@DBD@@@BAB@DE@G@IAGEIIEaMGCEECEAEAKAAECAACG@EAMBCDCVIFEDC@E@CEQCCGAGAQ@G@GCGEIGY[ECE@E@EDUREFGBE@GAKIC@CBAD@FBJ@FAHAH@JABCBC@CCACCCACICICCCAAAAAAAAAAA@AA@A@AAABAFA@AA@E@A@EE@@CAAA@CDA@KDCHKACEAGCRYAAIEICG@GHEJE@IKAAA@CAC@A@ABCBINEBCDAv@FEBQ@S@KAKCsICI@SBGAC@E@C@MHED@@C@CBABABABAB@DABA@K@E@IJA@EAAA@IEKCCKCC@CFAJ@BGDC@KGCCCCG@CAA@BEBEAAEBE@ADCDC@AAC@EFA@E@KAE@GCE@C@ADAB@BDD@FANABKBOHGFAD@F@J@DBDLJABCBCBABBBF@@@BLFDABAB@D@BDDBDATBN@H@FGHGFABAH@D@B@@@@@BA@A@A@@BBB@BAB@B@@@@@BFB@BBDBF@DBD@BCBBBBD@FADCF@D@@BBDB@DABFFB@B@@AB@"]],"encodeOffsets":[[[123909,37365]],[[123856,37328]],[[123919,37315]],[[123894,37288]],[[123842,37286]],[[123835,37281]],[[123800,37266]],[[123759,37249]],[[123619,37158]],[[123616,37147]],[[123674,37108]],[[123719,37104]],[[123632,37099]],[[123630,37095]],[[123643,37084]],[[123645,37082]],[[123207,37056]],[[123853,37050]],[[123847,37042]],[[123852,37043]],[[123516,36968]],[[123479,36963]],[[123483,36861]],[[123376,36828]],[[123387,36826]],[[123200,36808]],[[123214,36806]],[[123213,36806]],[[123044,36772]],[[123779,36756]],[[123091,36755]],[[123092,36751]],[[123066,36651]],[[123043,36624]],[[122805,36485]],[[123969,37424]],[[124303,37137]],[[123919,37299]],[[123735,37253]],[[123483,36946]],[[123474,36964]],[[123359,36934]],[[123219,36807]],[[123066,36798]],[[122719,36470]],[[122609,36451]],[[122395,36589]]]}}],"UTF8Encoding":true}