{"type":"FeatureCollection","features":[{"type":"Feature","id":"370100","properties":{"name":"济南市","cp":[117.000923,36.675807],"childNum":1},"geometry":{"type":"Polygon","coordinates":["@@FMHKHIFI\\CNAJCLK@MIKMAMAOCEC@@@@ECCO\\ENCDC@@@@DCQGGIHGTCd@PDPBV@JEB@@@@@HGNO@A@@@@BGAMAIEIAC@@@@IMRSLC`OPIFCHGVWAM@G@@@@AG@MCKEM@ODOBKLWTOFE@CDK@KJ@@CF@@CC@AI@GBALC@AACD@@@@CAAAAGB@BIBCECADFAB@DE@BGAAE@CGBCDAFA@CM@EBCACCGBABC@ECCC@ABAAEAKCADEBCBC@@DCDELKDEBE@ALGLKNKHKFO@SDQDMDK@A@@@@FOBEBKBADE@EBAB@BGWWKIGASAeCIAKAOGSMQI@@MEE@G@KBaHECACBABAHADC@AA@@OESGIMIKEIE@ONMJGNC\\ILCPGJIHUFSFSFOHGTAXFJJHFBBDBNCNIHEHDPDJ@NAD@DDDBDA@A\\F@B@DCH@@A@BCA@@BCFBBF@BCJB@@@A@CB@BBHBLB@DL@@AFAD@JABGBAB@BC@CHA@CBABB@B@HLDBB@DBBD@@@B@BD@FB@@DD@DB@DH@D@F@BDF@DCHEBCAABEA@@DE@EAACBEVGHCD@DC@ICKACGAOECM@@C@@DCBA@GBAB@DCBEECOF@JC@E^KNCJEPSHMFIDMGOEMASFWPONOJIRQNGlOVIn_PKPWDOFIJIf@DDH@H@\\ETIACECM_FK@CKGOOMG@@@@AA@E@G@@ACCIECKB@GMB@ADACG@@@@@@AEC@@EDEAE@@@@@@AAAAAA@ABODG@AB@H@LABIACBADABAGMDAD@@CC@@@@A@@A@F@DG@KAE@IHACC@@GBI@AEA@AB@@@@@ABEIAEBKA@AJGDAVDB@LA@GAAGAGAA@AAD@FGFIFIAAC@ADIDACA@EEKCCEACBAHAHCDAFBDADCHCHAF@@EBABABAAGBEBAB@JAJGDADA@C@AFQ@CI@CBI@WMQCQBQBEBAFEDK@A@CCEBOJCB@BABSDE@GDSREBEDADBDCDCAIGB@@AA@CBEA@AEEAAOBCCGBCCI@AACE@CCEA@CCAAACG@AAEEAECAG@EAAA@AAEAAC@CBO@EA@AOEIGM@E@E@AEE@@@EDQFIFA@AAEI@GDEACSOI@AGAEAA@ABAD@@AIE@@@@OKMAM@QBO@SAOAKGOSOQIOSCYDIHOPOPOPIDKBKAM@MBEBC@EAAB@JA@C@CBC@A@EBABEBG@@ABCAICEGGCAEICGWCEGCEGAGGCAAEAIACAGGK@A@AACEECBCBE@KCGEECS@@GEECAAAAIACQWCAKGEACI@CBCB@DEGOSAO@WKEAEBC@MMDGEAC@EBCBCD[FECC@@@@@ABABA@A@@BCA@BA@CB@@A@@BA@AB@@@@CBA@@@A@A@ABAABICIEAACEECMACCO@EBCBCAG@CAECCEBG@CCE@EEEACAECCCAEICCBA@OEECAI@EAAOAGACAGA@BEAC@ABAADE@C@AA@@A@@B@AA@@A@BABABC@@EAADA@ECCAGAA@G@CAEAAECAIAABCDIFEBCHEFEFKEODED@@CBEACB@DADEH@B@BC@C@CA@CA@OECCGEECQCIAAAMD@FEDCBG@CBEDBFED@NEBCBB@DBB@EFIDGF@B@D@BCF@BBDBD@BMBA@ACEEKAE@ICMBMDAAOFSLWLOBK@GEMGOEkOIEQOQISBMEOAUBUPMLQJMBS@UCK@IWSMIIQCCGAACE@ADCACAAA@CDA@E@@AA@@B@DBF@BA@K@KAGAAGCCA@@DA@CG@CBC@AAAA@C@MAEAE@AFGFC@GCCA@@@BABBBDB@@BDABGAE@E@ABA@A@ACAI@C@CIGBCEBCBECGAICK@@G@CBAB@BAAACCAEOE@CAA@@@@@@EC@ADEDED@@CA@A@BEB@B@@CFGB@@BB@@@BAJEZAJMFQJKNCHA@AGUA@CBACBAEIA@C@@A@@@AE@AAB@@ECBAGNADBH@@FLBF@ACB@@CAAACB@E@@A@CF@@@FALBBDFBFB@@LATGDKBMCIKQOMEUAE@AA@@CCC@@@@GEEIWIKAUGeAKBQ@OCIC@@AEK@@EAEAIE@@@ACA@C@ACGC@EG@BFBBBDADC@@D@DID@FBHF@@BCLABC@@@@BW@M@QLAJCLIJKBU@OCQGEMGMMKOIKEOE]CIK@QGMMBIF]RE@GTAP@\\FRFTBPCRGLMNGNKTIVILOPOTBBPNLNFJHFPPNLRJRPHJ@NFJLNPNNNDLDLHJPRRLRHVFZHVFNFRJTJNDT@\\ANBHFDLFLFHHBN@R@XED@FDBBBHDJDFHFBBDJDLHJLJJHLL@@HBJDDDDHFJNRB@FDHBLB\\BJBHBDBVD^HNFNJDJBHCJELGNCJAB@F@@BHBLADCDSDIBADAD@DFJLJNBL@L@HBFDBF@HAFGB[LABAB@DNJNLBDFJDJDDF@F@PAHBDBHFLJDFDJ@DGX@BBBDDD@HBR@HBD@JDJHFJC\\@FDDH@HAN@F@B@THHD^LDBTJFBBDDFBJ@D@PBFDDBBJFJDFFDJDL@JALBRDDBBF@F@FAF@D@DDBBBB@B@FABBFDDNLTLVLNFJBPBN@JBDBFDNNFBJFLDAB@DB@@@AJ@DCA@HA@@@E@@@GBGACBCHCRAF@B@DBPBRDLC@BDFP@@@@BDFALAB@DBBBFABDA@BFAFG@ABADBDA@DF@BBD@BDFBAHE\\EA@JAACFBPC@CB@@@ZFBLD@@F@DAB@JCB@DDDD@H@F@@ABADA@@BCD@D@B@NBHL@NAXADDZ@D@@@@@XE\\ERKFABEBIDGBID@@@DKF@D@@@@@@IBA@HPB@DHD@B@B\\@BC@I@EBE@C@CAM@CB@DA@QA@T@BBHEBKJADC\\@DFBDBBDDBDHHHFFFD@@@@BBFBHDVHdJLLILOFOLEV@PELELALBLNHDBFDXFTHVBTFbJNF@@@@BBNDN@ZC^DDC@EB@B@@HDB@@@B@RB@BBB@@DHDHB@A@@JB@B@DCBEBCLBB@HCL@@CD@DDBR@BB@F@TDLIB@FA@AJKFKDE@@@@@AAE@AA@ZA@CAC@@HM@ADBBABEBBFF@HHDBD@D@@BDNA@C@@DDJDBH@@HDB@BA@C@@FE@@HADA@E@BBCA@N@BC@AFDBLAB@@DCFMLKHKFQDMDAJ@B@@@DCN@@@@@DAB@BEVCNGLEP@NJJRHLHFJCPGJGHR`PNHNAJARHPJLFDB`DXDJLFTK\\DFRNPFNDNCHMdBVFNHLFLBd@HNLNPRHHHJFLDJPHPA`CXF"],"encodeOffsets":[[120088,38434]]}}],"UTF8Encoding":true}