{"type":"FeatureCollection","features":[{"type":"Feature","id":"370400","properties":{"name":"枣庄市","cp":[117.557964,34.856424],"childNum":1},"geometry":{"type":"Polygon","coordinates":["@@AEBEFEHC@AFADAF@F@FABEBEBCLGBABA@C@CCCAEAA@C@ADAFAPED@J@D@D@DCDAFAHAHIFCDKDCFENELGB@F@JAD@DBHBBBD@@UBG@CBABADADABC@@@C@ABAFEDELIDCH@FAB@DDDBBBJFJBB@@AD@DAH@B@B@DCBE@EBE@CBAB@BAFBB@BABCBIDE@EDCBCDAD@DCHGDEDGDATQTQFCDAFCFAFEDCBCJYJEDCDADADAHEFAFAFADAF@FCFAFCLEH@DE@EAA@CCG@CAG@EBEDAH@D@JBDBFBFAF@F@F@D@FAFCBCDG@C@CAAAAIGAACAGCCAA@@AAC@G@K@G@CAE@CBG@A@@EEEGCI@@BA@CBABCDC@A@A@@ACCEECEEAA@A@ABCBE@AACAACC@@IAA@A@A@AA@@AACCCE@@@CAA@@@ABC@A@@@ABABABAB@B@BC@A@E@C@A@A@@DCFCHCB@@A@CBCBCHGHMJK@@DAFAF@FADADADCBADGBEDEDCBAHEFEDCBAJCFANELCNEHCF@H@@ABG@@@CCI@C@C@CAGACAAAAEAWIGCAAAA@C@C@@BAH@DADA@A@CACAA@C@CBEBAFCHEHEDC@AB@RENCRCNCDC@ACI@A@ABC@A@A@@@AAA@@AGGMCG@A@GDCBC@A@@AAAA@E@ABAHCDC@CGaCMAAE@EAGSQuMBBHMB@E@ABCBABMAIAEAIJGAMCM@CAGAE@A@K@A@AAEAC@CBEBE@C@E@C@CBC@E@A@C@ABABCBA@AAACEAA@@@@@@@A@@@@@@@ABA@@@@@A@@@@@@BABA@@@A@@@@@@A@@@@A@@@@@@@A@@@AA@@A@@B@@@@@BA@@@@BABA@AB@@@@A@@@@@A@@@@@A@@A@@@@A@@@@@@@@@A@@@AB@@EAA@@@@@A@@B@@A@@@A@@BA@@@@B@@@@@@@@A@@@@@A@@B@@A@@@@A@@@A@E@A@@BA@A@A@@@A@@AA@@@@@A@KHCDGDIFIBGDaHkLGB@@@@@@@@@@@@KBMBE@G@G@@@A@A@GBG@C@CBC@@EAQAKKQAACGCCKGAAEEAAACACKIKGC@@BA@CFABA@A@A@AC@AECCCECEAE@CDABA@S@CCGSACOSAACGCAG@U@EBEBCDCDADGFGDEBG@E@CAEGGESBCDK@IBEBg@BAEIG@@@AR@NEFCBI@E@IAE@A@@@@BKTOVCDA@@@@@@@@@CFCDIDCBDFABC@IBIHADAH@H@BABABABIBABCBEBEBIHAF@hA@OHCBBBBH@N@BJBAL@@@@@J@J@@FD@@@@BBBD@BJB@HBBBBBJ@B@BM@@@AJ_@E@AG@@@AMAATCHADABABAFAHCFGDK@ED@DFF@FGFGHEFKBKBIF@BDDHP@B@JIBIDADDLABCDEFAFCBGFEB@@GCE@EFC@EEW@K@@DBBFBBDABEB@ACCG@@BDD@DABG@MAUGAFAB@@CBOH@LADC@CBBHAHCBEBGAGCABAJGFGFAB@B@B@@@BA@@@ABA@AB@DABCB@BC@C@@FCDEFMJKFIBCCCGIFQ@TdJ@FBNJLNDHEFEBBFQDGHGBIBQFEBMJGFKHAB@D@D@F@@GDC@KFCJ@F@B@D@B@DAB@D@HAF@H@FAFAF@NADEDCDCDAH@D@@@@AHALAFAFCHEHIDC@GBC@EACAECCACAEAECCAGAG@CAI@CBGB@@EBEBEDEBCBEDEBIBG@IBKA[EI@G@IBIBIHMJABCFCDCHADCFEFGBCBEBCDCHBFDFDDDFDDBFDDBH@@@@BL@D@F@DAFCHABAFCBCBEDEBE@CDEDEDCDCBCDEDIFEBCDCBEDABAHAF@D@F@F@FADAFADADADEFGHEL@JEBMDMLEFGBOPGDMDI@GBEDGDABAB@@@DAFAD@FADAD@NADCBC@CBCBCDAJCDDRBDAFCDCB@BH@HBNHD@FBDBD@DADCDCFCFCDAFEFED@HBHBDDDFDFBFDH@DDFXLJAFCDCDCDADCBCDCDADADAF@DBF@FBHBFCFCDCDEFAJ@DBDBFDDBH@B@F@B@D@DBBBDDBD@B@B@B@BB@FBBBD@LDFDFBFDBBD@BBD@HDBBDDDDDFDDJHBBDBDBHDFBHDJBDBL@J@F@DBD@HBDBFBFBF@D@LAHAFCHADADAFAH@F@F@DBFHBBF@FFJBHBF@R@N@F@HBH@FBHDFDFBFDFBJFF@J@H@FBHBHDDD@DBDDF@BBBDDFBDBDDF@JBD@DAF@F@F@H@LAF@F@ZAFAH@@F@DAFCDADADAFAF@DCH@DADBFFBF@DAF@FAD@F@D@HDDDHFD@HAFAFAHAJSDDBBBN@D@F@BABCBCDABAD@D@B@B@BDBFBDBBB@DBBB@DBD@D@DAB@JAFADAF@FAHAB@D@HDDBD@F@DAB@HCFAH@JAJABCDCF@FAH@D@DADCDEBE@EAE@EBEBEDCFCFIFAF@"],"encodeOffsets":[[120238,36121]]}}],"UTF8Encoding":true}