{"type":"FeatureCollection","features":[{"type":"Feature","id":"370900","properties":{"name":"泰安市","cp":[117.129063,36.194968],"childNum":1},"geometry":{"type":"Polygon","coordinates":["@@PSPOJKJULSHMNMHKDQAOESEQ@[BOHSF@^QJENAHN@RJL^DPFLFPJNLHNFNRHPDV@LAJIDKBIRKN@X@@A@@D@BADK@AE@AG@EJC@C@CD@BCACAAAEH@@FHDBDD@B@BD@@F@BJBF@FL@BF@@JDPDR@LAfBVHLBXJFJHF@@@@DD@DB@@BBFFVPNLRDJANCLSHKB@@EAEAACKAEB@@E@@D@BF@A@BDBB@DA@BDE@KA@EG@CAMBBHDA@FA@BBF@@B@@@BD@B@FJABBDDAB@HV@BGBMDILERINYBIFAB@@A@@AA@EH@DA@A@AFB@B@@DC@CFCF@BFD@@@@@@BB@DPFBFDDBBABA@AB@D@HL@JDHBFDDAFAADJH@D@DBJBDB@B@BAF@F@HBBAAC@@CAAABA@A@@DBHDD@HEBEF@FBNBD@B@BB@BAD@DDHB@@CB@DDBHHBLBL@B@@AAE@C@AB@@BF@B@DCB@BBBDCD@BDFBBDHRDJJTNJXL@VDT@NARINKVOVAPBNFTARJRPJFlPPFNHHFL@PAXKTKPEBBNCNAJDF@LBFFBDB@NA@AACAC@ADE@A@C@AHEJCFEA@CAA@DAFA@MFCAEFCDAH@DAFC@ENCBBJBRDFDHFDDPFB@@DDBD@D@@A@AFGBC@CDAFBDA@@FCPCLFFEFEDGFAJEDCBAJBDBBFFBDBH@B@HBDBFDB@BCFB@@ADABABB@@@BBA@@@@BB@@B@DCFBBBAD@FB@AHBDBHBPBBB@FBJFDPFB@DAJDBFDDFDDBFBFFF@DDH@FADDBF@DBHADAD@FDPBDDNFFBDFBDJAJBBBAB@B@@@B@DA@@@@BAB@@AB@@@DAB@@ADB@AB@B@BABA@@@@D@FD\\EDCDAFAD@FBCHNND@FAFBXLP@TBHPCFA@AD@DDJFBLHDBRXBDBJBBDBFF@HT@FDHFLDF@DADAFFBD@B@BHLBHBDBJBFDBHHHBDFFHXDDHFJDBHHDFBJAD@BH@FABAFAB@D@DAD@B@@IBAFBD@FANAN@LBLAJCBOIMEU@WDUHWJUDQ@KNYHKPMLKLGLIDM@K@@A@@@MICEAEDOBAFEBABCBE@AAAAAAA@E@@D@D@BACA@AACJ@LC@KII@CBAB@@E@AD@D@NBPB@A@GBUBKBCBAEAA@I@MGQAAADG@IAAA@M@@AFCD@BAB@B@@EDAD@@A@A@AD@BAHCRCLDBFDBJDDDJBDCDAB@B@@AR@BMAEC@@@DIB@BBFAACAAIGECAECAF@H@@GBA@ADEDCB@DB@AAA@A@CNGBCNDBABA@DLBDEFAHBD@BAAAAAABAABGFG@GCAOGAAOB@BDBADA@EAEEGAEGAC@AAEAGCC@EAAB@AA@@@A@C@@A@ACCG@ADADCF@JBJADA@AAAKCE@AABCACDEACBCECEAABCABCDAAAEABCBAFCDBBA@@FDB@F@JAHFDADADBD@BDBBB@AFHHBBJ@DCAEFBDBBBJBJCPHNHPHB@@@@@JDP@JKDOHSHIJG\\I\\BZ@ZKNGRKXK^IH@\\@ZDFBHEDADA@@HCFALEF@DCHCB@@BHGCA@AHEPBFDBBDDB@@@B@HG@ALGDCHKEECCCCBEFABCBG@C@A@A@C@@@A@A@A@A@@@AD@FA@@B@@@B@B@BBDBBBB@@@B@BBD@BB@@B@D@B@D@DB@@@DDDDB@FABCB@BDFHBHFDBJADAL@DBB@DA@AAA@@@AD@BDDDF@@CB@H@@BD@BADGD@FDBBHADCFABBCH@@B@LCBA@AFAB@DDH@D@DCF@FD@BDBD@DHDBPFD@HAFBBBF@HB@ALAFBD@D@JGHAHMAC@ARADGBG@CBC@ABC@AACACAC@CBABCBCBCBCDAD@@A@C@A@A@C@ABA@CDADAD@BADBBBD@BBBBBBDDBBDBBBBBDBBBB@@@@@DAB@@@B@D@D@B@@@D@B@@@B@@BFBDB@@B@@@@@B@@@B@@@@A@@@@@@AAAAAC@AAAACAAACAC@A@A@C@CBA@CBADABA@ABCBABA@ABABABC@ADC@A@ABC@@@A@CBCEMKMEECAGC@@AAAEAE@CBC@EAC@A@@AAA@IACA@AA@AAACGKCIAA@AA@C@EBKDEBCBG@C@GBIFIFEBE@KBKBG@G@A@GBE@EAGCA@KGEGEACCECCCACCECGCC@CCEACEAICCAEACCQSAC@@@@@@AACEAGDCFEFC@@@@@@HCFEBCBCDE@CBC@E@CEGGEEAEACACAAE@CAGBEBCDIDMBCBCDS@C@ECEEAEBC@C@EBEACCEEGAC@@@@@C@G@EBE@IBE@E@EAC@EACACAECECACCCEIEGCEGCG@EBEBE@GBI@GDEBEDEDCDEBEDEBCBE@C@CAEAECCCCACCGCGACAGAEAIAGAE@CBG@GBGAI@GAG@QKCCACCECCIOGIIME_EUCekhEDCBCDEFCDEBCDCBCBCDGDCDEBEFGDEFEDCDEDCDCFADAB@F@DBDDFFDFBBB@BABABCBEBG@GBC@E@ICEAA@C@C@@@@@C@@@@@CCA@@@A@A@AB@@BD@B@@ABA@AD@BA@DF@BAB@BADCBAFCDCDCDCBGBIDKFSFC@IBG@CBCLABEJADCFGHGJEDEDCBC@CAKEC@AAE@EAEAEAE@ABABEH@DCBC@C@AACACAICCAA@CBCBCDABCFADEDCBGBEBABAJ@FABCBKBGAC@EAIAG@CBCBCDEBECAAAAAECCAAIAEACCCCCAICIEE@CAA@ACCACCE@C@A@EBG@EBG@G@GBI@G@CBIFCBC@G@E@EACACACAC@EBC@E@KDIBIBG@GCC@ACAAC@EAC@EACAE@E@E@ECECCAA@C@CBABABBBHDFDBDBD@B@D@DCBCBEBC@ABG@C@IBC@CAC@GBIDABADAD@D@B@BABCDEFC@E@E@EAEAEAECC@EAGAC@G@EBGBGBC@G@IAE@C@EAG@EDEBCBGDEBEDG@E@E@GAGA@C@C@EBCBECECEACCC@CCECE@E@CAGGGACGCE@EAC@CAE@G@GCCCACAACE@CACDEDAFEDGAEACCCACIEECEECACAGAGCGAGAGACAEAEAEBIAE@EAKAGCCECGEGACECGAGBEBGDGBKBE@EDGDEFAB@@@@ABCBCBGFCBCBCBG@EAEEAC@GAC@CAICCAECACAEAEAEBGBGDCDCBEDCDCFCD@DCDABAB@@@@AB@@@@ABEFEAEAEAEAE@EAE@@@@@@@E@G@C@E@EBIBG@EBG@EBGBEDCFADAF@FADEDE@E@ICIAGAGCGAECE@EAGAE@EAEAEAECEAEAGAEAE@E@CBGDAFAF@F@D@F@FAFDHAF@F@HBF@JBFDFDBDBDDHBFBFDFBF@H@FADAFAHCF@FAD@DBFDBDDFBDDFDFBDBFFDDFBFBFBD@DDJBFBF@JAFADEDEFCDEBEDGDGBIBGBGDEBEBCDCBCBCFEFEDED@@@@ABEDEDEBGFAF@DAF@FBFBDBDDDDDFDLDLBHBFBFBD@DDHDFFHDFDDDBB@@@FBD@D@DBD@BBBBD@DBD@DBB@DBBHFABAFAD@@EB@BCHADABC@C@C@GBE@E@E@CAECE@C@E@IBE@EAGAECCAEGKGCCCEEEACAK@CEGEAGAM@GAOAICCACAEECE@A@AAC@ABCAAEG@E@WEM[UW@GLKUOBUESBUOOFQO@YA@@ACAC@@@C@@AA@C@AAAACAC@AAC@AAEA@C@AAA@A@C@ACAAACAE@ABA@ABA@CBA@C@CACAA@AACAA@AAA@E@C@C@A@CBCDA@CDA@@BEBCBA@C@AAAAAAAAAACAC@C@E@C@CACBA@C@A@ABCBABCBC@A@E@A@C@C@EACAC@CCAAAAAACCCGAAAAAAA@CAA@CACAAAAACA@ACAAAAACAABC@ABCBA@ABADAB@B@DAB@B@DAB@D@B@B@B@D@BDBDBB@DBAB@BCBA@C@@@@FEBEDE@G@C@E@GBE@GBEBCDADCBEDCFEFCFCDCFCBCHEFCJABADCDADA@@D@BAB@DABAB@B@B@B@BBB@B@D@BBD@B@B@D@B@F@B@D@BBD@B@D@B@B@BABABABA@C@A@A@C@A@CBAAAAAA@A@A@C@A@C@A@A@A@AAACDA@ABAB@B@DBDBB@D@BABCAAAACAAC@A@CBAB@BABCBA@E@EBAAC@CB@BADAD@BADC@C@C@GBABABA@ABC@E@AACAAAA@@CCCAC@CAAAC@AAA@AAAAAAAC@ABABABAB@BAD@DABA@ABC@CAC@ECA@C@CAA@AAA@CBSJ[JGD@@@@IBEDEFOPMNED@@@@a`CDCD@DFDLHFFFHDH@FELEHEDIFA@DdFTNfBBFAPC@B@BB@BD@BBB@@@B@D@B@BBB@B@BB@BFA@BF@HA@CD@D@@@DA@@DFA@AHAF@HDDDC@Q@@BB@@DB@@BD@BHJ@@DA@AHA@AJD@@@@@AHJB@JAFB@@BD@BDB@B@@BBNABBBCB@BF@BBAD@@AD@@@BDBABNJJDFFDJBJDDJFJDLDTDTBVFDLCR@PJFV@PAP@R@RAJBLD@@@@DB"],"encodeOffsets":[[119016,37042]]}}],"UTF8Encoding":true}