{"type":"FeatureCollection","features":[{"type":"Feature","id":"370300","properties":{"name":"淄博市","cp":[118.047648,36.814939],"childNum":1},"geometry":{"type":"Polygon","coordinates":["@@BCF@B@FAAG@AB@JBDB@BAHDBD@F@HELB@BBHBBB@B@@CDENA@@@@F@B@DB@CB@B@B@B@@@B@BB@@B@@@DAD@DDBB@F@BBBE@@BFDF@@@@@B@@@B@D@@D@@J@DDBF@H@BAFDF@@@BF@@@@B@@B@DD@FBB@DB@@B@@@@@BF@DA@B@BDD@BA@@BBB@ABADFDBBCB@@HCFA@A@DDBD@DDBBDCDC@@AA@BDHB@DDBH@@ABA@AAABAD@BEHGAACCCCHCFBFBL@BD@@H@@DD@@@BHEBCD@FBBDHEDCD@FCDGHGBA@CB@C@A@@@@A@@@A@A@B@@A@@@AB@@A@@@AA@@BABCFCCA@@@@B@JALQB@BB@@FC@@JD@B@@HF@@F@B@@C@@FCB@DFBBJ@JBFB@B@D@DLDDB@@FB@@BBNIJ@J@FBDDBD@@Br@@DFADDHA@JD@B@BAF@FA@GP@@FH@@@HB@@@@EBABB@@@BBFB@B@DB@F@D@JCH@HADBB@H@BR@B@BB@@@@@@@BFFFPA@BAHHDD@D@F@@N@@AB@BD@H@H@BB@FHDD@BB@FF@BX@@EBC@@AE@AACA@CC@@HABA@@GAAAAAB@FDDB@@DC@@HABECCE@A@A@CCEAEA@@FBHBD@@@B@@AD@PAHEFIBADEBBDEB@@@@@DE@IF@RE@@FBTE@@H@DCBSBQ@CD_B@DE@BJCB@BBFAD@B@NDBD@@BA@@BA@AA@@@@@FDBB@@F@BCDEB@HM@@CCAAB@FG@@AC@A@BBCB@AAA@BABGBAD@FG@FHFL@HBB@FAB@DBD@@@B@B@@@D@@@BB@@BB@A@BB@BBF@@@BCBE@CBA@G@E@E@G@C@C@C@GBC@CBA@C@E@A@CBE@C@I@C@A@EAE@E@E@EAC@C@A@MEA@A@K@SAG@E@C@E@CBCBGDA@C@CBE@C@A@A@AAC@O@C@A@A@E@SDIBQB@@ABIBIDMFGBIDEBIBIBGBC@EBIDCBA@E@C@A@C@A@A@C@AAEAA@AAGAGAC@ABA@A@@DA@GA@CGDABABE@AB@F@LADC@@FC@A@@LLB@BB@BBBD@DABC@BFEBMHCAK@@BDBC@A@@HCAADAJBB@DEA@B@DDBAH@B`FPDFBDDNLFHFJ@JHfDR@BDDDDRFJFFHLLFLBJ@JBNBFFHFJPTHDHDPHDBB@DANAJEZSJEFAPCB@rIbCHATCN@N@HDHDf\\\\VJFRHLDJB@@Z@PEHARELEJGFIFCD@D@F@JBD@BBNBB@DBDBJFTHXNDAB@DK@AB@BC@@@AA@B@@@@A@@BA@@@AAA@@AG@AB@HDFHHBF@@DB@@ADFF@BAB@JE@GFB@DBA@@HADBBBDEBCB@D@BO@AC@BE@CBBBBB@BADEGICAA@CBMG@@F@AG@ACB@@A@A@AC@KA@AGC@@@@@AA@IB@DAD@@FF@BABGA@@@ACBA@@F@FDJBDA@ED@FBH@DAH@DCRF@HD@ANBBL@JAH@HGFBFC@G@@@ABIBAD@BBP@@B@BBBHB@EJ@@EBAHBBGC@BE@CB@BBDOB@BBFE@A@AA@@@AAA@AAA@@AA@@AA@AAAAA@@AA@@@@A@EFGAAKGECEA@ECCA@B@@A@EF@@@@CAAC@@@@EFDD@@CA@AABKBCHC@CDEDEHIDC@@AADAIA@@BAME@CACCAGAIGCJKCICBA@G@GDBBA@@FB@AA@DCDEB@D@@@DCCA@ABCBA@@BCFB@EDBFBHB@F@BF@@ELDFDFDJAF@HBRDH@BJ@BBBD@B@@@AGH@B@DCDCDAHAB@@IBC@@@@DEBCBABACCAC@CD@ACDC@EJAD@ABB@JADBD@@BB@HADA@CAGAAC@@DEC@CA@@E@AB@@GAAAAI@EAC@A@@W@@C@@@EM@CDB@ABOBCBB@A@AACBIFAF@AA@@@@@AAAF@@C@@N@BCAE@ACABIHALB@EAC@CR@HAFBHAB@@CDAT@BC@C@AA@@@@@@@ACHAAED@B@LC@CDAHBDFDDFBD@@CH@BDBFHDD@BB@J@DF@BB@FRAHB@JADBLF@@D@@@@@FHAP@BBBDH@@B@@F@@AHANCBB@DHCDE@ABCDCB[BG@@@@BQVBH@FBBBB@HB@BJ@@MD@@EFANANAFABFJH@@@@BB@HB@@DRBB@RABBH@L@FA@EF@@GBAAED@CO@@BABAEEHEF@DBD@@@BB@@@@BAFB@GBEHAH@V@B@BFV@JErJAA@E@CF@B@@B@@@@@@BHBAP@NAFAD@D@@BB@D@DCAEAEB@@@F@B@@AA@CACAAABAFB@A@CB@@@@A@GAAAA@@ACACAACEI@E@AA@EE@EE@CDADA@CBAF@@C@C@@@A@A@A@A@C@A@E@A@A@A@A@C@CC@ACEAEKAAEBCE@EA@@@AAA@@C^C@IBA@A@@AAE@G@@EGAKAAAAAA@@BBPG@@HEB@AA@BGE@@IA@AE@GBCAEI@I@IB@CHC@KDA@AAGAA@@AC@GD@AI@@@@@AIGEAE@ECAA@CGGA@GAO@CCGAC@ABE@@EOBGIAAIAEAKECCEAAACEIEC@@DEAA@BCCCG@ABIBEAI@UDADED@JE@CAKESD@CAAAG@AB@BCL@GC@C@KAGEEGB@DC@@AA@@@A@@@@BA@@@@@AA@@A@A@@@A@@@A@@@@@A@@@@@@@A@@@@@@A@@@@A@@@@AA@@A@@A@@@@AA@@@AA@@@AA@@@@A@@@@@@@A@@@@AAA@@ABGBEDE@CNA@IDEAACCI@GDQDA@@DCBA@ABAB@B@@GDAA@@A@@@A@@@A@AAAAG@CAEEGBC@@AACCAB@A@CCACDAD@AENC@EACCCCCECCGT@JEDGCAIDQDA@IMAAAA@@A@@A@A@@@@@@@@@@A@@@AA@@A@@AA@@@@A@@@A@@AA@A@@@@BA@@@@@A@@@C@A@A@@AA@ABAA@B@HABDBB@@BCDBDA@CHABCCEEAEB@B@BADA@A@AO@@E@@A@C@AA@ACBCCCIAA@E@@EGACE@AFCDBD@DEDAAEAALO@CAAAAAAA@AACAGAAACAAAEGGIEESKGM@ABA@A@@@@@@DA@@BBD@HEIECODQ@AFBDCFGDGBIVCXIH@D@BABIACCCGCICAC@GDIB@BCEEA@BMDA@A@AD@FCBAAAECAAAGDIDKJOHEF@D@FGECDCDGCEE@CC@CDCDGBKBIGCA@@OCEAGACBCBGBAD@B@DDB@FBFAFB@HJ@HE@ACC@ABABABGE@CAGGCIAAGCBIHCBECEHAFCBABGBCFCD@DCACBIFADADCAK@ADEHAACFBBFBBB@BCBAACDDB@JAA@CABAX@F@DBHADEIGIGAC@@@AF@F@HCFABC@EFG@EBENECEAEEC@ADCLIBKACGEDCAEBIACMMAE@GFCJAF@HDLHRDNJPBVMBA@@@CDEHCLAJC@@BA@@BABAB@BA@@BAB@@A@A@@@@@@@AA@@A@@AAACAA@@@CB@@@BA@@BA@@AA@@@@@A@@@A@@AE@A@ABEEGBMAAMGA@AEB@FA@@DEACHKDG@@DKDGL@B@BCAIJEFA@ADO@K@CD@@E@A@A@@GCA@ACDE@GDBF@FEFCF@B@DBHA@AAADAD@@BBB@BBDDFBAFBJ@F@BBCD@DNHD@D@BAFCBAAEDCB@BB@DB@FJHADA@@@AJCF@BCACD@DBF@B@D@DAACDBB@DABCIGEAIGAADE@CACDADCBGACIA@EDEBE@O@CAC@KAADADALGHBDAB@HDDABAF@DACDC@ADDBBBDDH@BEACHA@EECDCDADABCDIEEAEDA@@A@DCDA@AAAA@AA@GCQACEBEDGBAA@CEEGDI@E@E@GDCFMBEGBC@@CCCABCJGDEA@@ABCBAD@LI@IAA@@@@@A@@B@@@B@DAD@@AB@@@@@@@@@@A@@@@@@@@AACAAAAAA@@A@@@@@A@@@A@@@@@ABC@ABA@@B@@A@@DCDAFABABA@@BA@@@@BC@ABA@A@@@@BADA@@@@@@@@@@@C@@@@@@BA@@@@@A@@AAAAAA@@A@@@@@C@A@C@C@C@C@C@C@C@C@C@A@C@AAC@C@CACA@AACAAA@AACAA@CAA@@@@@A@@@@@ABEDCDEDCDCBC@C@C@CBEFCBEDADAF@BABCDCDABEFADCF@@AD@@@@A@@@@@@@A@C@CAC@E@CAE@C@C@A@@@E@@@@@A@@@A@A@AAA@@@@@AA@@@CAAAC@AAA@A@@@@@@@@@A@@@@@@B@B@@@@A@@@@@@@@EC@@A@@@@@A@@@A@A@A@@@A@@@A@A@@A@@A@CAA@@A@@@@A@@@A@@@A@@@A@@@AB@@@@@@A@AAEA@@@AA@AC@A@AAC@AAA@CAAACA@AAE@C@CAA@C@CAC@CAAAC@A@CACAEAA@CAC@@A@@A@AA@@@@@@A@@@@@@@AB@@A@@B@@C@@@@@@@@@@@@@@B@@@@@B@@@@@@@@A@@@@@@@C@C@A@CAA@AAC@AAAACCACAACCAAAAAAAA@@A@A@A@A@C@C@A@A@@@CAC@CACAAAAA@AA@@AA@AAA@CAA@EAA@A@@@@@@A@@@A@@@@A@@@@@@@A@@BA@@@@@@D@D@B@@@@@B@@A@A@C@EBC@A@C@CBCBABABCB@BABBD@B@D@B@DABE@A@C@C@CBCBC@ABABCBABC@ABCBC@C@AB@DAB@B@D@B@BCBC@CBC@ABCBADABAB@DBBBBBBBBD@F@D@DB@B@DAB@BCDABAD@D@DBDABADABAD@DAFECCB@HCDE@GHA@A@@B@@A@EDK@C@AB@BDFGDC@@ADADACAEBC@EAC@OBE@KBKDCJADG@AAC@C@CDEB@AAAC@MACCIEEAABCABE@AA@A@@@@A@C@@CE@B@@A@ABAB@@@@@A@@@A@A@@@AA@IAKLA@AACC@EHBCGA@MACBEGCGCA@K@AA@@AGAOCA@AAAACAOQ@AAAAC@E@K@A@AA@A@CAAAC@AACCAA@A@A@C@A@CACCAA@C@A@CBC@E@C@@@C@C@C@C@CAC@C@C@C@CBAB@DAB@D@D@B@BBDBDBBBDBB@BBDBBBB@@@@@@@B@@A@@@A@@@@@A@@@CAEA@AA@@@A@C@@@A@C@C@A@@@A@CB@@@@A@AACAAAAACAAACCAAAAAAC@AACAABC@CBCB@DAB@B@D@B@B@D@BC@CBADADADADAB@DBDBDBD@BAD@BAD@D@@B@B@@@B@B@B@@@@AB@B@@@B@B@@@B@@@B@@BB@@@B@BD@DABITAFA@AFHBF@BFCFCNIAA@ADHHD@B@@@@NC@GBGFGLADBDFJPBJBCH@BCBEFDDBFBJH@D@D@@RMH@BDD@BCDA@ACCCECM@C@CFCDC@AF@F@DABCD@BB@DNEFGD@D@HA@C@EHBPDBADA@@@A@@FADC@ABAHHHD@BABBBFAB@@A@BBB@@@D@@DIPCBE@I@@BBDB@BBDLHHHNAB@F@HHFF@LGBEF@D@@HBDFDNFBBB@D@H@HAFEB@DBDLFBBBBB@@EFCP@BB@BD@FAFBLDR@BDBDDDPDDCH@DIBMDI@C@EDGBG@CACCI@CBGDABAFBFFFAPA@CBA@CFCJBFADBBADD@@@BJGHEB@FBHFFF@DBBB@H@BBBBB@A@A@A@@BBB@B@@@@@BD@BCBABAB@@HBABABE@AAABBBFA@BGHA@A@CDF@BBB@BAACDCDAD@@DE@@JEFGB@A@A@@@A@@@@B@@A@AA@G@IDACG@EBCDC@@AAA@CBEIAAAAAGI@ABCA@CBAB@HDF@B@@DDABADDDBLCNA@C@@@CECKAAC@AB@FADBD@B@LE@GN@DABC@ILGDIBEHADBBDD@FAFBD@B@FCFA@cHEDCBCCA@AF@HABAB@BBB@B@@@BB@@B@@@BB@BBAB@@@B@BHDBD@BADIBKA@DCDCACA@ADAB@AACKBAE@GDOGEAA@@JABCDIBA@A@EI@CB@B@F@EIED@FCBGLI@ED@BI@AACAIAGHDFFDFFE@AFCHEBA@FFB@D@DAFBDFAHGA@@A@AHAD@@@@A@@@A@@@A@@@@AA@BDA@CBA@BB@@A@A@A@@@@@@@AB@@RLBH@DELAAC@A@AB@B@BO@ILCBLDF@NFL@F@CCE@A@DAD@NDBF@BIHABAAEDKLK@CB@DER@B@DCBCBIHIBA@ABAFBHABABAB@FE@GBGDCDCBEACBGDGBABBDDFLDFFB@BDJCBCD@BBEJEJEHC@BBB@HBHBBB@HKBA@UCCBIH@BLBFAJBAF@B@@@@BAB@BFJ@HA@@DDGB@JBF@LCHE@B@@@@B@@D@@DC@CBHNABCBABBDAJKBG@A@@BCHAP@BBBBBBB@@@@@@BFCF@FD@BF@@@@@@DHCB@BNA@HLAFDDJBD"],"encodeOffsets":[[120544,37579]]}}],"UTF8Encoding":true}