{"type":"FeatureCollection","features":[{"type":"Feature","id":"371400","properties":{"name":"德州市","cp":[116.307428,37.453968],"childNum":1},"geometry":{"type":"Polygon","coordinates":["@@PALGROBODO@KBIBODMAMCGmOMCSIDKRYBIBK@MBKJMRALBNALCHG@@@EBC@HB@@I@AB@@ACK@CDCHEDAHAHAD@HEBGJAAE@CAAAACAGAECCAAAAA@EAE@ACCIEIEC@A@A@C@A@CAGE@A@@DGBA@CACEIAB@@@D@@ABE@@CAC@@@@IMEMAE@@BACCEEBAACCBAADAFA@AAECBK@ACECCAC@I@AC@AGA@GBAD@@BHAAAF@BIF@JAJ@AEBAD@BACGDACG@AEC@G@AH@BAAAD@B@BCCA@CDALCAABCECCFEFECGAC@@C@ADCGC@ABCJAGI@A@AAAA@BAA@KA@GAAK@U@A@CAAA@@G@@ECCACE@C@ABA@CCGIIOCYACCAAAC@E@QDED@@@@CBITILODMGOE[HGHILKKGQGIKEOIKESBCJAFEB@DDJE@BPFDFHD@@DC@DF@H@VCBGBKJAB@@@BA@E@CMB@BAIMB@BADE@GAA@AGEMEMGKIIMEKCMAMAODOBC@ABC@ADK@KEQEGGKOKKEKIIIEK@ICOAOCMEKWE_DOBOGCIEKGIGGOQKMGMc@KAKEMGUEcAGNMDMCOEQMCEL[ESIKWC_CAECIKGOBQBIGMOMQ_HGHIDOEIKGQGII@MFOHKDMFU@ABA@C@@@@DM@C@@@ABINCRCLELGNKDE@CA@KBCABED@@A@MDBAAF@B@BC@GF@@ED@B@@ACA@GG@CACI@CD@B@CM@AC@C@CAGGE@AEFABAAABCN@@GD@DBB@@YBBF@BB@@@@F@LCLEBIB@@EJACK@S@EAAQ@CA@CDC@@DK@GAADKFADA@C@AIA@@@BGAGC@CA@AAA@@Q@A@@CA@GA@A@@FCD]CYDM@MCAA@@@@MEaISEUASGWEECCAMGAKBKFKFK@OFUPKPEJKKKcIUGGCEAAA@@@@ECEEGGCGCAACCAEA@CD[BCLIFAAG@A@SRBB@@CDAN@DBD@F@FAJ@D@@AA[A@C@CGA@GOB@JA@@@@@@@CLE@C@@JCHAJCFABALEFQF[@W@@@@@CCYBCBW@MGKMAA@C@C@AD@@CBAB@BE@G@C@CC@CDA@IBA@C@EC@AKYE@@A@@DODEABDIBB@[FGFABCE@AAC@ACEB@ACBCBAH@BEAEB@ACEBAACAA@KBEBAC@@@@EOACD@CKAQAO@C@ABEDQDGDAHBHA@@F@@@B@@GDB@CBI@@A@@CBAKCIEEAMMECCAIAM@OAIAMEUKSKMKCCAEBA@E@AAAAACCC@E@EBE@E@AACCAQBK@ICKCIEEICIEAACCAE@O@CAICEACEASICA]KGCSGA@E@M@GBG@CC@ED[EIIGICC@GAQ@GAC@CCAA@AHW@CCICEKIGECAGAOBE@E@CCCIEIACMKMI@CBABA\\KHABE@GAEECGAK@K@MAKIEI@CBCBCJATCDCBCAKAG@@@EBADIHMFKDIAGCIMIME]GUCCAGAIA[AKAGAABB@BBABFLADC@ECGC@@@@@@AB@@@DE@HR@BABC@SIEA@B@@KH@@AACBCDA@CF@BFL@BABEACB@FC@DF@@ODKBCDAB@BA@AA@@A@CCAAA@AA@@AAOBY@ILANDHDJ@RENGNWVMNMHMHMBSFEDCR@NDPBPDRDRDPFX@RBL@NENCHANDHLNBLCRAL@ZELCNBPAPCLMJGTANHPJNDLDRCN@@@@CJEPBHADC@A@BFABBBABM@E@AB@FG@ACA@ABDDA@EA@BBBBBFBCDDBD@BABAND@DLH@BDAHDBAAE@@J@BFC@@HBB@BA@K@BDGDFDCB@BBFBAB@@BD@BBHT@BEF@F@B@DF@BHBBDADJ@BA@EDB@@D@@LFFBF@H@@@@BBABJBFD@BD@DABCB@CO@GBCDAJ@BH@@DC@BDB@@AD@@DABA@AFC@FNBDA@BDHB@DJBBAD@BBNC@CCEDADADBFABB@DB@H@@B@@B@BB@FCAA@CD@BB@CH@DA@ABA@@BAAK@AD@@FDFFBNABCBBBB@BHBBD@BEFA@@BDFBD@BDDDJAH@BNA@CBABCD@@E@@@@BC@ADADGAGCA@MD@BBDG@CBCHCD@HC@@@EBS@[@UA_CACI@BCGB@D@BKBDJK@@FG@CDA@E@AGA@@BBFE@BFCB@@AAE@A@CI@AB@@CCCI@@AGBKDMTQNQHKDULOLIBA@@DABMBI@AEA@AHCBCDBB@B@@CBADBFBDB@@BEBE@C@KB@BBBEBCBIC@AAAAEAC@CACB@@C@@@AEG@CD@D@@DB@D@@CN@AEAK@@@@AAA@@@@@A@CGCCA@AACBEAQGAAACBEDAHEF@EIA@IIB@AEB@BDBAAEACI@GBAAC@@BBBABIIA@CDEGCBACABBDC@@CEEA@IKCE@@@CA@@EBC@A@C@@@K@CAGACAECCGEEAQC@@CAICEGCECAKIA@KIAACAEDDB@BEDAAEBABA@A@CA@ACACAB@OCEAAG@ADB@IBA@@C@@DA@[B@BIFCB@@EDCA@CGBA@GAEDI@CBCFEBWGCA@CO@WCQC]DWBA@@@S@U@MBMBWDWDQFKHIFKFMBE@@FC@CD@LABA@@AA@C@AAEWCCCACA@DE@@BA@I@GBCBAFHBHAAHGHE@A@AAAABCC@IBCBCD@DK@@AAMGDGBCCCCAAA@G@AJW@C@@B@@K@C@@CI@AAACBC@EK@BPABE@E@A@@F@HEBA@A@C@@@CAA@@@BB@B@@@@@@AB@@@@AB@@@BA@@@@BB@@@@@@BB@BBB@@B@@B@@BA@@B@@A@@BABA@@@@BAB@@@B@B@@BB@B@@@@BBB@D@BBBA@@@@B@BA@A@@B@@AB@@@B@@@BDB@BF@BB@@@BBDBFBBBBBDDBDBBBFFHDJDF@B@@@BAD@BABAB@@CB@@@@AAACAA@@AA@@@@@@A@A@A@@B@@@@@@@B@B@@A@@B@B@B@@@B@D@@@@DBD@B@ADAB@@CBGBEB@BA@@BAF@BB@@BDDBBFDB@BBBB@BBBBBBBBBBB@@@BB@@@B@BAF@B@B@@@BBBBB@BBDBD@DBBBB@@B@B@BB@@@ABAB@B@B@BB@B@B@B@@@BB@B@@@B@BAHAB@B@@BB@@@@B@B@B@D@B@@ADB@@B@B@BBB@@BBBBDDF@B@D@BBBBB@BB@@BDBHDFDB@DDDDDBDDFBDBDDBBB@ADB@@B@BABCD@@@B@B@@BB@@B@D@BAB@B@F@DDBDBD@B@L@BA@CBAD@@@BB@BBD@BBDBBDBBFLBBBB@@B@ACJA@DA@@DB@@BA@@BA@A@@@A@@B@BBFBB@BB@B@D@@BFAAD@@A@CBAB@BBDBH@B@B@F@B@BCFCDADAD@F@B@DBDAF@DBBDDHHBBBBHCFBCFJDLEBDABAAGDDBDBDFBBDDDDB@BB@BBB@DA@G@A@A@@B@B@@JBGFABAB@B@B@DBFBB@BBD@B@B@BEBA@@@@@@@DF@@@B@@AB@B@@BBFB@@B@@@@@@C@AB@B@@BDDBBBBDBFD@@@B@B@@A@@DBB@F@B@@B@LG@@HFFDHDFB@BFADABA@AB@DAD@B@BB@@BD@BBB@BBBBB@@@BA@@B@@@B@@@B@@@@@@BB@@@@B@BA@@@@@@A@@@BA@@@@BA@BB@DBBDDBFDBBBD@B@DABABA@AB@BA@A@@@A@@B@@BD@BDBB@B@BBB@BBBB@@@D@DGF@@ADA@@@@B@BBBD@J@BF@D@D@@AFCFEFCD@@@B@BBBDDDB@B@B@@CB@@@@@BBB@DB@@@B@B@@@BB@B@BBBBBDBBD@@B@@B@H@@@BDDBB@B@@AD@B@@A@A@GACA@@@@A@ABABAB@D@BB@@@D@B@@@D@@@B@LD@B@@@BCDGFCBABAB@BBBBBB@H@D@BBBB@BB@BBF@FAF@TBFBBBBB@@IDCDGD@@B@D@FANADBBBD@BBD@@B@@@BA@@@@@B@@BB@@@BB@@@B@@@B@@B@@D@@B@B@BADADCDBBBB@BBF@BAB@@B@@AD@@@B@@@@@B@@@@@BB@@@@AB@BA@@B@@@@@@A@@@@BA@C@@B@D@B@BAD@BB@@BB@@@@ABBB@@BDB@@B@@@@A@AB@@A@@@B@@B@@C@@B@@@B@@@@B@@@BB@@F@FBHA@@B@@AB@@@D@B@F@B@B@@BBBB@DBBBBBB@BBB@D@B@D@B@DAD@DADAFAF@DAD@D@B@BBBBB@BBBBBBDBB@B@D@HAB@D@D@D@BBDBDBB@B@D@D@D@DBFBB@DBD@BBB@BBD@D@BBB@B@BBBBB@BBBAB@DCDCDCDA@@DCFC@@BABADCDADADADAF@D@D@DBD@DADADAD@D@FAFBF@D@DAD@FAF@BA@@BB@@B@FFFFFDHHDF@B@@@BBB@B@@BBB@D@BB@@@BB@@B@BB@@@@AB@BAB@@@B@@B@B@B@@ADAB@@@@@BB@@@D@LAD@@@BB@@@B@@@B@J@B@@@B@@B@DBF@HBDBBB@@@B@BA@ABA@E@CBA@AB@@@BAF@BA@@@A@C@@@A@@@@@@B@@DBDDBD@@@B@@A@C@ABA@A@AACAA@@BC@@BAB@@@BB@HDB@DB@BB@@B@B@@CDA@A@A@AACCAAA@@@A@@B@B@@A@@@@@@@A@AA@A@@@BA@A@@CIBACC@@C@@C@@AC@@@C@@DQBA@AB@BB@E@CC@D@B@B@@@F@FD@@DBD@@@CB@@BB@D@@HFB@DB@@DFA@DF@@B@@A@@JBB@@A@@BB@@BIB@@A@ABA@@DK@@HCBBD@@@B@BBBC@BBCB@FEB@@@JB@N@@@F@@@BBB@@B@@CB@BB@@@DJB@BBB@ACB@@D@@@B@@BBDAAEB@@@@C@@@@FF@@@AB@@BDCDAFAHCCGTK@@BA@ADA@@@@B@@ANC@@@BB@@@B@@B@BAD@BA@@@@@ABABCDAB@BA@@@B@@BB@DBF@BBBBB@@@B@D@@@B@@@B@FBB@B@@B@@@@@B@BAB@@A@@@A@E@@BA@@@@@@@@BBBB@@@BBD@B@BBB@@@@BB@@DBDA@@B@@A@@@CAC@A@@@CD@@@B@BBBBBDBDDFBDBDBB@@@@@@BA@@BA@@@A@AAC@EA@@A@EBE@A@A@@@@B@@@@@BBD@BDD@@@B@BA@@@A@A@A@CBABAB@@BBBBBB@@B@F@F@DADAB@@@B@@@@BABADABCDAD@BB@@@BBB@B@@B@DBF@FBF@BA@@@ABCD@@@B@BB@@BB@B@HBB@@@@B@@A@@BCDABBB@BB@B@FAD@B@@BBBABABAD@B@B@DB@@BB@BAB@@ABCBABAB@BBFBDBB@DBFDBBB@BB@@B@@AB@B@DAB@B@B@B@@BB@FFBB@@@B@@ABA@E@GBC@C@CB@@AB@@B@@B@@D@B@D@BBB@B@BBBAB@D@@@B@B@B@B@BA@A@C@A@@@@BA@@B@@@DA@@@@@A@@@@BAB@ACF@AGAAD@PACEDAFJHABBBDDFLCCEXE@CA@@AB@@@@@@@E@@BA@@A@@@@AA@@@A@@B@@@C@@@@@@@@AB@@@D@@UD@@AB@@ACCC@AA@AA@AACC@@EGFCCCBAACDA@BBA@@@@@A@AF@D@CAHA@@B@BB@@B@@@@@A@@A@@@@@@BBBBB@BCFIDANELEHILSFIJKHEHGNIBBDBBBBBBDBD@FBHDHDLBFBDFJDFBBDDBBB@BBBBDBB@BBDBD@D@LBHBD@DBB@BBDBBDDFBBDDDDBBDBBBBBDBDBFDB@BDDDDHDH@@FHBBDDDDHDJDJBFDDBBBBFBB@F@DBB@BBBFBBBDBDBDBBBBBBBDDBBBDDBEDACGBDDBADFPHBA@BDDDDBBBBDBD@@B@@B@DBBBB@DBBBB@B@@@DBB@BB@@@@@@FBBBB@@@BBDBFDBBDCHDGF@@FFFDDDFFDFHFDFDDBDDDFFBDBBBBBDDFDDEBHJG@@FCBBDBDD@BDD@@CH@AGLFDCFDFFFHBDFLJ\\FT@BBFBBABDB@@BDBCBB@FA@@@BBF@@A@@ND@CLBHDAB@@ADHDABC@@DD@@BB@@A@@@BB@@B@@@@B@@B@@@CF@@CAABAD@BABBPJLHCDADBDA@@BJ@@BK@AD@BBDDBG@BHD@BDE@@BFABFNCAEHACCDAHB@A@@B@BAD@B@DBBABBDBFJDNB@BJ@LBLEBBJG@CBCBBFC@@BB@BJB@@GB@FBB@@BB@@@DC@@DDD@@@FFJLHHRNNJABBBAB@DB@FLC@@DE@@@FB@@A@DFD@BD@A@@D@BBBBABF@H@@BB@BDD@@AFAH@BINB@EB@F@F@BAHCFCDAD@FAD@F@FBFBNBPFHBJBHBJBH@D@HBL@N@PBJ@HALALCF@JA@AB@F@B@FAF@FBN@LBH@H@HARCVEJAHAF@J@LAH@J@HBBBA@@BBB@@BB@BFB@@DEDBCFNDBALFFBJDHBNBL@R@J@D@PAdGVCLALALAH@J@J@DBD@DBDDFFDBFDF@FBFAHALCHAFAHAjC\\AJ@ZCH@H@FDJDRJFBFBF@HBFBFBZPDBB@BBJ@\\BF@F@HAJCHEDAFAFAF@J@JBJ@DADCHAHEJCDADAHAFBJBHBJBHDHBHDHDHJFHFJFFHLJLFHHJDHHNHLHNDDHJFHFDFDHFNJDBBB@@DB@DDDBFBHBDBFBDBHBFBDBL@FBH@FBH@HDFDHDDFHDDHHFF"],"encodeOffsets":[[120363,38924]]}}],"UTF8Encoding":true}