{"type":"FeatureCollection","features":[{"type":"Feature","id":"370700","properties":{"name":"潍坊市","cp":[119.107078,36.70925],"childNum":1},"geometry":{"type":"Polygon","coordinates":["@@FCB@B@D@BBFFD@B@@@DAHAF@hALANALGHEBEBC@G@I@I@ABAD@JODI@CGGIEMMCIFKDEXGNGNGNCVGJGDE@CAQCK@A@CEYCG@CCAEECCCIEQGSCKCICE@CBCDEJOHKFKBEBE@GAM@S@M@MBOAWAK@GCEIOMWIQEIACCGAAEIACAAECAAA@C@CBA@A@A@@BA@AB@@ABA@@BA@AB@@E@@@AAA@A@@@A@A@@@AAA@A@@A@@@A@@@AB@B@@AB@BBB@@@B@BB@@B@B@@@BA@A@@@AA@@AA@AA@@A@AA@@A@ABA@@@A@A@@@AA@@BAB@@A@@@AAA@@A@A@@AB@@A@A@@AA@C@@BA@@BAECCECEAGAI@K@@DOBOBC@GHIBCFIFEBCBCBADAB@@@DAB@D@B@B@BAB@@@B@BCBABABA@ABABAB@@@B@B@BBB@B@B@@AB@B@B@BAB@@@B@@ABA@A@A@@@@BAB@@CBA@A@@@A@@BA@AD@BA@@@A@@@A@A@@@ABADABADAB@BAB@@A@@BA@@@C@A@A@@@@@@@@BA@@@@BA@@BA@@@A@@AAB@@AB@@@B@BAB@@A@@@A@A@A@@@A@@@AB@@@BA@@B@@ABA@@AA@@@A@@B@@AD@BB@@BA@@B@@A@@BA@@@AA@@A@@@AB@@ABA@@@@@A@A@@BA@@@ABA@A@@@A@@BA@AB@@A@AB@BCBA@A@@@AAA@@@@@AB@B@BCB@@AB@@AB@B@BA@@B@@@BAB@B@@AB@B@B@@AB@@A@@@A@@@@@A@@B@B@B@B@B@BABAB@BABABABA@@DABA@@@@@A@AB@@A@@B@@@@@@@@@@@BB@@@@@B@@@@@@@@B@@@@B@@B@D@@@@@@A@@@@@@@A@@B@@@@@@@@@BA@@B@B@@@@@@@B@@@BA@A@@@@@AB@@AB@DC@@B@@@B@@@@BB@@@@B@@@@B@@AB@@@BA@@@@@@@@BA@A@AB@@@@@@@B@@@@@@@@@BA@@@@@A@@B@@@D@@@@@BA@ABA@@@@@@@@B@@@@@B@@@@@B@@@@@B@@A@@B@@@B@@@@@@@B@@@B@B@@@B@@@B@@@@@B@@A@@@@B@@@@@@@@BB@@@@@@@@@B@@@@@@A@@@@BA@@@@@@B@BAB@@@@@BA@@@@@@@@@@@AB@@ABAB@@@@A@@@@@AA@@@@A@@@@B@@@B@@@@@B@B@@@@@@@B@@@@@BA@@B@@A@@B@@@BB@@@@B@@AB@B@@A@@@@@@BA@@@A@@@@@A@@@@BA@@@@@@B@B@B@@@DC@@@@@@B@BA@@@AB@@@@@@@@A@@@@B@@@@@@@BBB@@@@@@@BA@@@@@@B@@A@@DABAC@AAAKCIBMB@JBABBBLB@B@DHB@BH@DABA@@@AB@@@@AB@@@B@@@BA@@BA@@@@B@@@@@B@B@@@@@@A@@@@@AB@@@B@@BB@@@B@@@@@@@AA@@@@@@@@@AB@BBB@B@@@B@@@@@B@@@@@@A@@@@AA@@@@@@@@B@BAD@BA@@B@@@@@BA@A@@B@@@B@@@B@B@B@BAB@@@BAB@BAB@BA@@D@B@B@DAB@B@DAB@B@@@B@BAB@BAB@B@BADAB@BAD@DADAB@B@DABAD@DAB@DAB@@@B@DAB@D@DAB@D@BAD@B@B@DAB@B@B@B@DAD@B@B@B@BAD@B@B@D@DAB@D@D@BAD@B@D@DAB@B@B@B@B@FAD@JABAD@DAB@D@B@D@FAH@HAHAD@@@DCBC@A@CBE@M@ABE@KBGB@ZBAD@PAD@BBB@@@B@@BBB@@BB@B@@BB@BB@@BBB@@BB@B@BBJDB@B@@FJB@CB@V@D@@CD@BGDCDAFAFCDADAHCJCDABB@HF@@@D@@BB@@@H@@CB@@A@AA@AA@A@CAA@@@@@A@A@@@@@@@@A@@@A@@@@@BAA@@A@ACKBGBA@@@@H@B@@B@B@@B@@@FAAAAAA@CACA@@AA@A@@AAA@ACDM@@@AB@FCBBB@@@B@@A@@AABAB@@@B@@A@@@A@@A@A@AAA@@@@IBEAAA@C@A@A@A@BE@CAAE@IAEB@DABE@M@_A@AA@A@@@AAA@A@@@A@C@@@A@A@@@A@@@@@@@@AAA@@AAA@AA@@A@A@AB@@@BAB@@@AAA@A@@A@AA@A@@AAAC@@CCAAA@@A@A@ABCAA@AA@@AA@A@A@@@AA@@@A@A@@@A@@@AA@@AA@@CIA@@@@E@@@@@@@A@@G@CAABIBG@@BAD@@@B@B@@AB@@A@@FED@FCDA@CBGB@BABGSG@@ADEBCDE@A@IAABUAGAAAAAFIEA@@BKMEBABC@A@C@A@AA@@A@A@@@AAA@A@A@@AA@@@A@AA@@A@@@A@@@ABA@@BA@@BA@A@@AA@@@AA@@A@A@C@A@@@A@@@A@@@AAA@@AA@@AA@@AA@AAA@CAA@A@CBC@ACAIA@@@AA@A@A@@AA@A@@@AAA@A@@@A@AA@@A@A@AA@@A@AA@@A@A@AA@@A@AA@@AA@@@A@@@A@A@@@A@@ACA@A@@@A@A@AB@@A@A@@@A@AAA@@@@AAA@@@C@@@AA@@A@@AA@AA@ACCAECEEAA@@AA@@AA@AA@@AA@AA@@@AA@AA@A@@@A@A@A@C@@@A@@@A@@@@@@@@@A@A@@@AA@@AA@AA@@@A@A@@@A@@@A@@@@@@@A@@@A@@AA@@AAA@@AA@A@A@@@A@C@A@A@AA@@@ABC@CBE@@@A@@@A@@@A@A@@@AA@A@@ACCE@GGCGBEB@B@BABIDIFIDEH@FBDC@ACGACA@AEACDGFGAEJE@A@C@CCAC@ABGCCIBCGBADGBBC@@@CA@ACBCA@E@CBIBCAAAA@@D@@ABIB@CCAOEI@E@BDG@E@MECEKEE@E@IFIAABCBA@AB@BAD@F@F@@@BA@ABA@@@A@A@@@A@AA@@AB@@ABA@@@A@A@A@@@A@A@@BA@A@@BA@AAA@@AA@A@E@GBGFC@CCA@GAMFEJAC@A@AKCE@A@EE@G@@B@@EECAC@CIAA@BOC@@BA@@M@@ACCA@AC@@ACIAA@KB@@AEAAB@BA@CC@CB@BADIDCFC@A@C@ABEDCD@BEEABGICGCIA@AOACAAC@GDICA@AA@DMAA@ABGV@D@BABAP@H@ACBAHAFB@ACA@AF@@@@AC@@AD@@@J@@HBFDARMHCPCBDBAA@@A@@AA@@@ABAB@BDBDBB@@B@B@B@B@@@B@B@B@B@BAB@BA@@@AAA@AAAB@@ABB@AB@BAB@BABA@AB@@@@A@@@@@@@CA@@AA@C@AAA@AA@@AC@@AA@A@C@@BAGABEKA@@GAAI@@GCIAKI@ADMB@@@BBBED@BECAAC@CBICOBIH]PUHO@AAACAAAFGFA@A@AAC@@AQ@AD@@BBBB@B@BCB@@B@BABBBDBBBB@@AACB@@@BBBBB@@@B@BA@AAA@A@A@AB@B@DG@AA@AA@@@EDIBAFGD@B@@@B@@ABA@CBABAB@BABE@A@@A@@@@ABGBC@IBCBCBE@CAEAAAADE@AAAA@A@@BAB@BA@A@@ACC@@A@EDCBA@A@@@BA@A@@A@@@A@@AHABA@@@A@CAA@AA@C@ECA@EB@@CF@BGDC@ADABA@@B@BA@A@@@AAA@@@@@@BA@C@EA@@AAAAA@E@A@AABEAAECAAACECCAAA@ADA@A@AACEAE@E@E@EBEDEBE@E@AAECECCCE@A@ACAAA@E@CA@A@CBCB@B@BA@@@@EAA@@AEGACACA@@A@A@AA@A@C@@@CC@A@A@@A@CBC@@@@@AAAEAGAKBCHGFCBC@CCCCEAC@EAACAE@C@I@A@ECAG@E@ACE@IAC@EBADALADAFCHKLOHCNKBG@AEI@GAAC@CDEFE@MECECAC@ABAB@@@DKBEBA@A@AA@A@@EBA@@AAA@@EBA@AAA@A@EF@@IAA@CB@BBB@@@@CBABCD@BA@E@CBC@CBG@A@@D@@AB@@EAEAAA@ACAGBA@@@ACA@ABCBAL@DBCBBD@B@@BABKDKH@@ABCBADCBAD@DADED@BA@CBA@G@EAE@CBCBCBANCH@FDHBDFDDBHDBFADADADADCFEDCDCDEBCBIFCDEBKFE@C@G@GCEAICCAE@E@GAI@CAGACAECIEGAECECCACCEEECCEECCAGEEAEAC@I@AD@D@DBD@FBFBD@HBD@D@FBF@F@H@F@DBDBDAH@F@D@FGLQNADCFDDFDFDDDBDBDDHAD@DCD@FABCFAFCFAHABC@CDEFEBKHG@K@KEMEMAQBIDGFAH@D@DBH@DADEFEBE@EAGAECEAGEECCCECGECAGEEAGCEACCCCIAKAKAMCSAWAEBCBWNKLCDCBG@GAAA@MACACEBMJQHIBADDDRPNBXPLHH@J@H@B@@B@DCHABAB@@@BBF@F@B@DDH@DAD@DBF@F@F@D@B@F@D@F@FCBCDE@C@EAIAEAGAGCCNIAMCMAQIGAK@K@I@K@G@GBC@MGG@IDEBGDCB@FAFAHEFCBEBE@OAG@YCEACBC@ADCRCL@DRPAPCBE@E@CBAFBFHJBBB@FDBAD@NC@@FABDNAF@DBBJA@AB@@@@@@B@@@@@@DBBDBBD@BG@EBIHAD@D@@BBDB@@@HADBBFDDDDF@BAB@BBDB@BBB@@BB@BB@@BBB@@BB@BB@@FBBBD@@@@@@AB@DB@DAB@DBDEBAF@DA@AAC@A@CBCBABED@BA@A@E@@@CAAAA@E@ABCHA@ABG@@@A@ABAFADB@CBIBGEC@@CCACAM@AB@BC@UEBE@AC@MFGFG@@@GB@D@HA@C@GAC@A@C@CDAHADEBGFAFEBA@AAECEECAIAEFC@A@GAEC@A@ADAFA@AAAG@ABA@G@AABGHBD@AACEEEBACEAAKAK@CACAAAGDCAEEAAA@GDCJIHIBGHAB@DBBD@@BCDBFBDDAD@@BCDC@ABAA@@CBBBABBDCL@FAFH@B@@BAJD@BDABABEBCDBHAJDD@RIPGAIFALANFFDBABAB@REDQDKEO@G@C@CAIAGDEDE@CAKEGAC@MDGHABEAEDCBEAGEGIOGCCAGDAB@@BB@DEBCACAIA@BAA@B@@@@AA@A@AA@@AAAABGC@A@@@AA@A@@@@ADA@ABA@EAAABK@ECG@CHIQECEKB@B@FBHADIDABKAGCAACMGAGBAB@HEBCA@BEDA@A@AACB@DFD@FA@ABCLEFADEAM@CDEBA@MHGBI@AEACAAGAA@MFC@IHA@CAEIAAEBA@KMCCE@ICKKQEC@GF@@BB@BA@E@A@CGGECEAC@CDEDGCKAAADCAA@CBA@ICCACCCKA@@FCBCBICDCCEA@GAGCCEMCGAABGHEE@CA@C@EDC@AABADE@@B@B@BAD@B@RBVC@A@@AAAAA@DCHKCGE@CA@IWMGCBACCAACABCD@DCCBE@ABCBGCA@CBGAKHCBCBBB@LBD@D@PAFCF@FJBBDAHCDCBBD@DCFBBJHFBJHADCBA@CABDCBC@A@E@CAC@BDADE@ID@B@@CBGBEIA@@CAAA@CDBFABEDABC@C@MG@CDCAAE@I@EAABCEAC@AAA@AC@CBBB@BGBCAA@E@EDEFE@CA@HCFBDB@HD@@@B@B@FC@@D@LCP@BEBIFBJADA@K@CHCL@@CHGLBDCF@@EBA@BFB@NHBBANFHAF@B@BBF@@@B@@@B@@@@BB@@AB@@AB@@A@@D@@BBBDBB@@@BB@@B@@@@@@@B@BA@AB@@ABA@ABAB@@AB@@IDKBGDCF@D@@ABUNOAMIQCKGGCE@IBED@HBFNNBDAJBFCDHFBDALKJCD@BFDBFDFMFAF@FEH@FADEBGDE@E@@B@@BDJHJHCFGBCAE@W@ABDBB@IBA@CCBDABADA@AAAEEABDGBCF@BBLCDCBEBAJBDCDC@EDADAHABEDGBDFAFGDAJHDBBDJHHDBF@AHABAB@BDD@BGFI@@GEAEBEAA@CCA@C@ABAHADBDBHDF@PB@HDAJALCHCD@DDDF@DFCHCDFDEHC@E@GFIPCLCJBHBBFDBBABEDC@@B@BCBANB@FFADA@CJ@HBDJDHDDDBDAJABC@G@WJUDAJCHEHCDEA@BCRDPJFGFC@AA@@CB@@@@@@@BAB@BHNTLFFHJFHBBDBBBHBDBBBB@BBBBBB@DKPBBBFCBCFC@CAED@BDFHB@FF@B@JBDDADBDB@@B@D@BF@@@BPB@B@BC@A@AFAFBDFADGB@DCBCAAD@@AAACGBA@B@AB@BBB@@@B@B@D@@@B@@@@AB@@@@@BBB@@@B@@@B@@B@@BB@@@BB@@B@@@@@@@@@@@@B@BB@@@BBBBJNB@RCJCDBCHIFS@DHFDDDDDBD@FMDBFC@CBBDDDB@A@DBBD@BD@HAFFDBH@BBBBB@@@B@@@B@@@BBHC@@@ABABAB@DA@CB@RCHCJ@DDBBCF@JMB@DCFAFAH@BB@BB@@@@@B@@@@@@@B@@B@@B@@BB@@B@@B@@B@@@@BB@@B@@B@@@@@@B@@@@B@@@@@@@B@@@@@B@@@B@@@B@B@@@BB@@@@B@@A@@B@@@B@@BD@@CHAFFBH@L@DHDK@ADA@@BBHBB@DTCLFDBF@@IFCBCVCJ@FBJABAH@DDADB@FB@CD@JFDFBBFBDDLFFBJBBBHJPA@FF@BAD@HBDDP@HBB@HH@DBBFDF@FBJH@B@@@@BJC@@HBD@@BBBH@BCB@LGD@DJAJ@J@BFAD@HBFB@@JF@AHB@@BFA@GH@AO@AB@BBBBLBHB@FH@F@BB@@@BAB@J]D@DB@BB@@B@@FDFFABBFLFBBDD@@D@D@B@B@B@B@F@B@D@B@B@B@B@@@D@DE@AB@DCBCB@DFFF@@FBBF@J@DFBBBDBD@@BBBB@H@B@@A@@D@BEAABBBDBDBB@@BA@E@@@A@BFBFCDC@A@@AC@C@EBMBO@AB@BBBD@BBDDBF@DFDTAFCH@FABCL@@@@A@MF@DAH@FBL@@DH@@A@A@@BA@@@ABA@@@A@@DAD@HCF@NABBF@BDF@DAB@@HC@BD@@BBB@@B@@@BB@B@@@F@@DBF@BCFCB@D@FCDBDBJBB@HBB@BCFA@E@CA@@@@@@@BBL@BCBDN@DBHB@D@@@FC@CHCFA@@BBNA@ABABHD@B@BABDCB@BI@ACCBA@EBCB@B@B@@@@@BD@@B@FF@@C@@RA@AJ@FAF@@@@D@@@@ABA@EBBFE@@BB@BB@B@BB@@FC@BBF@@BEB@@C@C@I@@DI@@DC@GB@@C@A@@@AAA@@DG@A@U@BBC@BH@BBBBFCBBDA@@DD@D@B@D@@FLA@A@@BAB@@F@@BB@D@BA@BFA@AB@DC@@@BDABBD@B@@D@BLHBFB@A@AF@@BD@B@D@JA@HF@D@DBHBBAJ@DED@B@ACF@@BH@@AF@@AHBBBbF@HH@D@HAAFF@FBD@@BAB@B@@L@DLTA@BBF@BDB@BC@BDB@@BIB@@@L@@@BB@AFJA@@@BANAFBD@@FB@@@BB@@@@B@@@@@DFFIB@HBLDP@@BF@BKDACQFGFA@AGC@BBBJBF@FCBBF@DC@@@AB@@AA@AA@AEC@C@KD@@@BCBBDAD@@AHH@D@@HH@BFB@FN@@BHB@@@@@BB@@HE@D@BLC@D@FD@BDB@BDD@@@@B@@B@@@@B@@@@@@@B@@A@A@@B@@B@@BDB@@BB@@BA@@B@@@B@@BA@@BA@BB@B@B@B@@@B@B@B@B@@@B@B@@@BBBBB@BBBB@B@@BBB@B@B@B@@ABA@@BAB@B@@ABF@F@FBFDFDHBPFHBFBDDDBDDBBNHNFNHDBNHVLJFNHB@HFNFDBF@HA@BjJ^FfFJBXBƶVDAHGFKDQDOBMBO@MLONKXELBHBV\\JATA^DLRBL@ZBJFDf@DAFANOBCACAAC@QNCBKBGAGC@E@UAGIQK[CGBEJCF@DHDDH@jSHAV@HDDFFNH^BBDDDBB@DADCDG@A@CAEM[CGAGCqJGLAFBBJCX@PDJLDT@VEXUPERAZHRBPELIDMCMI[AKBMHGDCBGBWBEBAD@D@FCZaHEBADAD@D@HBH@FBDBHDFDJDLBHBL@hA|@J@F@FBHBJDLBRDXBVBP@F@D@@PADST@B@BDBBATSDC@UDAHC"],"encodeOffsets":[[122368,38022]]}}],"UTF8Encoding":true}