{"type":"FeatureCollection","features":[{"type":"Feature","id":"370600","properties":{"name":"烟台市","cp":[121.391382,37.539297],"childNum":48},"geometry":{"type":"MultiPolygon","coordinates":[["@@EBCB@F@FDDDBFBFBDB@DBBDFDBF@D@HEHGHGBGBCACAAC@KFC@CAECA@GDC@ME"],["@@E@IDGFQTEF@FBFDDDBHBD@H@DDD@BABC@ACE@A@CBADBFADA@CAACAE@AC@CBCHEBC@CCA"],["@@AB@B@BFH@B@BABABA@@DBBBBBB@BAFBB@BD@DADEBABE@ABAHABA@A@AIIEAKCC@"],["@@GDAF@DBDFFDFJ\\HHJDZDL@NCJEDEBCCGCEEEICE@MAIBEACCAECGIEIAGA"],["@@CDADIDEFCF@R@HJrBFBBF@DCHKHSDKBEDATALCNMDEBC@CEAMAK@OBGDG@EA@C@C@AACACA@"],["@@E@EBADAH@HFJDDF@B@JGBCBEAEAEGEC@"],["@@@BBB@@BA@@@@@AAG@@A@@@@F@@@B"],["@@E@GFEDADADAN@BBBB@DABCDAB@F@B@JABABCBE@E@AAACCG@"],["@@ABAB@B@DB@@BB@@@B@A@@CA@B@@ABBB@BBBA@@@A@@A@A@@@A@AE@@"],["@@B@BAB@@A@A@A@AAA@@BA@AA@A@@@@B@B@@CD@BBB@@@D"],["@@C@ABAB@BAAAAAAA@CB@B@D@BBBFDDBBDABAF@B@BDBNFB@AB@BABBB@@FBB@BABK@EAICICEGEA@"],["@@A@AB@DBD@BBBB@DA@A@A@CAACA"],["@@@@B@@@AA@@@@@@@@A@@@@@@@@@@B@@B@@@@@@@"],["@@@@B@@@@@@@A@@@@@@@@@"],["@@@@@BB@@@@@@@@@B@@@@@@@@AD@@@BB@@@@DCFA@@@AA@@@GB@@@BB@@@A@@@CA@@@@@BAB@@@@A@A@"],["@@@@@B@@BA@@@@@@@@@@@@@@AA@@@B@@@@@@@@@@"],["@@@@@@@@@@@@@@@@@@@@@@@@"],["@@@@@@@@@B@@@@@@@@B@@@@@@@@@B@@@@@@@@@@A@@@@A@@@@@@@A@"],["@@@@@@@@@@@@@@@@@@B@@@@@@@@@@@@@@A@@A@@@@@@@@@@@@@@@@B"],["@@@@@@@@@@@@@@@@@@@@@@@@"],["@@A@@@@@@@@@@@@@@@@@@@@@@@@@@@BB@@@@@@@@@@@A@@@@@@@@@@@@"],["@@B@@@@@@@@@AA@@@@@B@@@@@@"],["@@@@@B@@@@@@@@@@@@@@@@@@@@@@@A@@@@@@@@"],["@@@@@@@@B@@@@@@@@A@@@@@@A@@@@@@@@B"],["@@A@@@D@@@@@B@@@@B@AB@@@D@@@@@@B@@@@@B@@@@B@@@@A@@@@@@@AA@@@@A@@B@@@B@@@@@B@@B@@B@B@@BBA@@@@@@AA@@@@@A@@B@B@@A@@A@AA@@A@A@@@A@@@A@@@A@@@@@@@A@@B@@B@@B@@@BAB@@AAA@A@@@AB"],["@@BA@@@@@@@A@@A@@@@@@@@@@B@@@@@@@@@B@@"],["@@@B@@@@@B@@@@B@@@@@@@@A@@@@@@@@@@@@@A@@@@@@@@A@@@@@"],["@@BB@@@@B@@@@@@@B@@@@@@@@@@@@@B@@@@@@@@@@@@@@@@@@A@@@@A@@A@@@@A@@@@@@@@@A@@@A@@@@@@@@@@@@@@B@@@@@@@@"],["@@GLBJFHDBFBDEBK@GCGK@"],["@@BC@E@A@AAAAAA@EDAD@D@B@FB@JA"],["@@@@B@@AB@@A@@A@@AAB@@A@@@@B@@@@BB"],["@@A@AB@@A@A@@@@B@FBFB@DBDADA@@@A@AAAAAA@@A@AAA@@"],["@@B@@@B@@@@@@@@A@@@@@AA@@@@@@@A@@B@B@@@@"],["@@@@A@@D@@@BA@C@A@A@A@AAA@A@@D@@ABABAB@DABCDABAF@B@BDBB@DBDAB@BBB@BA@AB@D@FBBBD@F@DAFABA@@BAAAA@AA@A@AACAAAAC@AAAA@@BA@AAA@@A@@@A@@A@A@A"],["@@E@GBGFMHGFINCH@FBJFFNJJDF@D@DADAF@B@HABABC@EAI@G@EBE@GAKEG@ACA"],["@@EBE@CB@B@D@@@BD@B@@ADABBB@B@B@BC@A@AAAA@"],["@@B@@@B@ACB@B@@A@@@A@A@@@@B@@BB@@@BA@@@A@@@@@A@@AAAA@@@@@AA@@A@@@C@AAA@AA@GC@@ABA@AB@BA@A@@@@AA@@@@B@@@B@B@B@@BB@@@AB@@@BBB@@B@@@B@B@@@B@@B@@@@B@B@@@@@B@@@DB@DBBB@@"],["@@A@A@@@ABAB@BAB@@ABCB@B@BB@B@BAB@D@D@DB@BB@BB@DB@B@BADADAB@B@BADA@@BAA@@AB@BADAF@BB@@BBBBB@DADAD@BCHI@E@CBCFCFA@ACABECA@AAC@AE@AAC@@DA@EBEBC@MBIDA@ABGFCBA@@BABABBBBB@B@BABABA@ABAD"],["@@@CBEBABG@CDEBEAACCCEAB@FC@EBA@KF@D@DIHCFABGBGAG@CBADG@@BAFBBF@HBFBBD@DABA@C@A@@BAF@BB@BCBAB@BBADADC@A@@@AA@@AB@@C@A@BF@D@LADBDD@F@BBB@B@FB@D@DBBDDDBDAJCDABG@EBAFC@@BAAA@@@A@@D@BABAAA@@BABABABGBADABCDABA@AACAEAAACCA"],["@@@B@@A@@@@@A@AB@@@A@BA@@@@@A@@@@B@@@@B@B@@@@@@@B@@@@A@@B@@@B@@@@A@@@@@A@@@@@@@@"],["@@@@@@@@@@@@@@B@@@@@@@@@@@@@AA@B@@@@"],["@@@@@@@@@@B@@@@@@@BA@@A@@@A@@@@@@B@@"],["@@@@@@B@@@@@@BB@@@@@BA@@@@@@B@@@B@@@@A@A@AAA@@@@A@@@@@A@@@@@A@@B@@@@EA@@AB@@@@@@AB@@ABB@@@B@ABB@B@@@@@B@B@@@"],["@@@@@@@B@@C@@@@@@BD@@@AB@B@@@B@@H@BBBBB@@DB@@B@@A@@@EBA@@B@@@@BB@@D@B@@AB@@BB@@@@AB@@B@@@@B@B@B@D@@@B@@@B@@@@@@@@AB@@@@@@@@@@@B@@@@@@A@@@@@@@@B@@@@@@@@A@@A@@AA@@@@@@A@@@@BA@@@@@@A@CB@BCAA@AAAA@@A@A@@@A@@AA@A@@AAA@A@@A@@@A@@A@@A@@@AA"],["@@@BABA@ABA@@@@@@@@B@@B@FCB@@ABA@@BAB@@A@@@@A@@@A@AA@@@@A@@F"],["@@@AHADC@ABC@AAC@CCEAK@IBE@ABCDE^_DCDANAPGNGVEHCH@FBLBD@B@BABADEDKBABADAD@D@@ABABADANCTGBDL@DT@FBFBFFDHFHDPDJBFBLJFDPHPJNNDBF@J@J@LCFAHI@A@GBGHIbA EfCtAvDFzAh@`BlDBEHS@K@@@@@EESKWCSGQKUOSSIQIMKIMCgEYKMICYIOIOKGOOG]DEBEBACCAACDO@EIYBCGK@IGCCAEGAOAAa@MECECI@EBEA@@@@A@ABA@AA@@A@@@@@A@@@A@@B@BAD@B@B@@@B@@@DE@IC@BED@DHDA@E@ABB@F@FFABG@AAAGG@E@AHDBBFEBI@CEA@@A@CA@CB@BB@@DCEAA@GBAGB@BE@E@EC@EB@AEC@BAJE@BM@ADAFCB@BB@DD@FFBBD@BCBAAAAAHEIC@AD@@ABCEGCCA@ADABA@@E@AEACCB@DAB@@AACC@@GAAEGFE@AIEG@K@@GBA@AACGEE@EAQ@UBO@A@ALGLAH@BIFE@IIBCBF@BBEBADADC@CIACABIBE@AG@CAGICGIGCDFF@DAHABE@EAGBCBBBABGDA@AAAA@BB@@DA@C@ABDD@DEB@@AC@@@@@@@B@@A@A@AB@B@D@@BB@B@@A@@@A@@B@DEACAC@G@DCIGEAA@A@@@BA@C@@C@ABA@KGA@ABBBEFCB@BCH@BCDCDDBBD@DCCGAE@@DE@AA@A@AB@AA@AAECCCEDCFCBC@AA@@ACIBEGCCACKAAKF@@OAUEOA]@WAm@OH_NULcFKEIIIKCGAGCAA@IBE@CCCAA@@DAFABC@GIKCGAE@CBCFELCHCBKHA@EGEACBEDGHMJB@@BABABA@@B@@A@@BD@DA@@CB@BA@AB@@B@D@BABABA@@B@@ADB@@DBBB@@BB@B@BAB@B@BAB@@EF@B@B@@A@@@AAAA@@C@@@A@A@AAA@@AC@@A@@AA@A@@AA@A@AA@AACA@A@@A@@@C@@BABC@CA@@A@ABA@@BA@@@BA@@A@@AAAE@@BB@@B@B@@AB@@@@A@@@@A@@A@@@@@A@@BA@@@@BABE@A@@@AB@DBBGHOBYEKEKISKUO]]GUKGK@GAmQ[MDgIUBIAIBCD@HEBE@CAEG@MAECCOCIBIDEDAD@FDD@B@DAJCHERMF@H@FFD@D@BABC@C@GBMDGFEDCBKXCFABABC@OBCBENMBCDCBAFAB@BDD@D@DAFEDGB@FAN@H@F@L@B@B@BI@EDGBCF@DAJFLDpXPDH@DAJ[BC@CEGBA@CHADCDABIDCHAFGFG@A@ACAMDYIGGEGDCBABAGOBEDKBABAXADABQBCLINYJGBCBAAK@C@CDEJAL@J@HDRAF@J@`AZKHELOLEAA[KECAC@GCCAACAGOEUOEGAC@EDCBAFBH@JADAFEBG@GEMCEIEMEOAG@ODCDEHGLEBCBE@IAUEWGOCICK@QBI@OAICICKIKKIIYUCCEAG@G@eHK@IAY[O_Ue[]SOKIMIKGEICOCMBKB§BS@u\\IP@J@DBDBH@D@DCDED_LGBEAGAE@EBCDEBCBOGADEBGÁmCDA@C@AAAB@@@B@BBB@@EF@B@DA@IHABC@A@A@AFQCADABGLC@CBA@ABABA@@@AAA@A@ABABA@C@@@@@DAEA@@@@AAA@ABAB@@@D@@F@B@ABCDCBC@ABA@G@@AC@EAEAE@C@A@@EBA@@AI@@CAACC@@@@@C@@@AA@@@AAAA@BA@CBAB@@@@CB@BA@CA@E@A@A@A@@@E@C@@@@CA@AAAAC@CC@@CACA@AA@@@A@ABAAA@@@A@AAA@AB@@A@@AAA@AA@A@A@ABA@@AAC@@@@AA@@AACAA@AAA@C@@AA@AAA@CBA@AAEAA@AA@@A@@@AC@@C@A@@AA@CD@@@B@D@B@B@@AB@D@F@BA@@D@@@@BF@JBB@@BBB@B@BB@B@DA@@@BF@HAB@@@BB@@B@@B@@BB@B@@@BD@BB@@@AB@B@D@F@BBDD@@BDBF@@@D@@CH@@BBB@@BD@DAD@LA@@B@BB@BB@B@BBBA@BD@@AB@BABA@@BC@@B@@A@AC@@@@A@@@A@@BAB@@ABAB@B@DB@B@@B@BBBBD@@@@AB@@AAC@@@ABA@A@@BB@ABAA@@ABA@ABAAA@AAAA@@A@@AA@C@E@@@@A@@ACA@A@A@AHAP@@D@B@BBB@@@B@@B@@@@@BA@@B@@@@C@@@ABA@@@@@@B@B@@AB@@C@@@AAAB@BB@ABABAAABB@ADAD@BB@ADABCAA@@@ABABA@ABAA@BA@A@C@@@@@@A@@ABC@@@A@@@A@A@@BABAAC@ABC@@@@BAACB@@@@A@ABAB@@FBCBAA@BFD@@BB@@@BFB@BBB@@BBB@@B@@@B@BABBBA@@B@B@@A@@BCA@B@BBB@@B@@B@@E@@@AHAD@BDB@@@@@@A@ABA@ABABA@@@@DA@@B@@@F@BCDA@ABA@EA@@EA@A@@E@@@C@@@@BC@@@C@A@ABA@@BAB@BA@A@@B@@D@ADA@@@AAC@A@A@ABAB@@AB@B@@@BAAGA@@@BABAD@B@B@B@D@@@@B@@B@BD@D@@B@BA@EA@@@@AB@DBBAB@BCFCFFBB@B@@@B@@@D@AB@B@@@B@@@BABD@BB@@ABD@BB@@HD@@@B@B@@B@BB@@BB@B@@B@@B@B@B@B@@BBBDBF@BB@@BB@@B@DB@AD@BA@@@@BBBFBB@@A@@BADB@@@@BBB@@AD@B@B@L@DA@@B@BBBA@@@B@BB@@@@A@AB@@@@@@@B@@A@@B@B@@@@BB@B@@B@@D@BADA@@@@@BADDBB@BBBBBB@@@BDBA@@BAB@@B@BDAD@BDB@@E@@B@@F@@BA@A@DBBB@DBBBBB@@BB@@B@BBBA@@BABAB@@AB@@E@CBA@CBA@A@ABCDA@CBAAE@@FA@@CC@@BBB@D@BD@@DDB@B@BD@B@@B@@AB@@B@@BD@@BC@ABCB@@@@@BA@@BB@@@ABAB@@A@AAA@@BCAA@CBC@@@@BA@@@@@@B@@A@@B@B@@@@@@BF@@AB@@@BB@@B@D@@@BA@@BADBB@B@B@@AF@@B@DABBBBD@@@B@DBD@B@B@F@D@D@DBBBBBB@@AD@@@BAB@@@D@B@@D@B@@@@B@BBB@B@B@D@B@DB@B@@@BHBADB@@FAJB@BBALB@@DAAABA@@C@@@@A@@DB@AHCA@CA@C@A@O@@@C@@@C@@@C@@DGAA@@@A@@BA@@@AB@BAB@BAAAD@B@@@BAA@BA@BAC@ABAB@@@BC@@@@BA@@BA@C@@@@BB@@@@BAB@@CBC@@BC@@B@B@B@@@BB@@BBBA@@B@@AB@@BB@@A@ABBB@B@D@@@BB@BBAD@@@@A@AF@@A@G@A@BFC@A@A@@BAB@B@@@B@@AD@B@DA@@@@@A@A@@DB@@@D@@@B@@@B@@D@@@@@@@@BB@@D@@@B@@B@BAB@B@@BD@B@@ADD@@@@B@@@B@@@B@@B@@BA@@F@@@B@@@@B@@BB@@DB@@@@DB@ADFA@@@L@@@@@@D@@@@D@HBBBBDBD@BABA@@DA@AH@@CB@@ED@@AB@BAF@A@J@AHF@@BBB@BA@@DDABBBB@D@B@BA@@D@@@B@@@FGD@@@@@BD@@BBDBB@@BBD@B@DB@BB@BD@B@BA@@DADAD@@@B@DCDA@C@A@AB@BBB@BDB@AD@B@AB@DCHABA@A@@@AAAA@BA@G@@BEA@BOBCCABBD@@@B@D@B@@@B@BB@AB@B@BA@@BC@A@CE@A@A@C@@@@@AAAA@A@AAAAA@A@AA@@@AC@ABA@CA@@ABEBA@AAECEAAAAACA@@CBCBA@EB@BB@@DE@ABA@@A@@@BABA@@B@@AF@@ABADBB@BD@@@B@FD@DBB@B@BAD@BB@AD@@@BA@@@@BF@@@E@@BF@@@@B@B@HA@CB@A@D@BC@@F@BBB@B@D@B@B@BB@@@BD@BB@@BA@ABD@@BABABABD@ABB@@BABH@B@D@@B@DBDBF@B@B@B@B@@@@@BAB@B@@AD@BAB@BAD@BAB@BBD@DA@ABA@AA@@AA@BABC@AC@@@DA@GDABAB@B@B@DADCBE@C@@BAB@B@BB@@@EBA@AAA@G@@@@@@@@B@@A@A@C@BABAAA@@A@AC@ACACCCAAACAAAAAAA@@@AAGBAACAAA@A@A@@AC@@AA@G@@@C@ABCAAAKCCCCAC@@AAA@AA@ABA@A@ABA@ABABA@@@C@A@AAGB@D@BA@A@@B@@A@@B@@A@A@BA@@C@A@BAB@@A@@@AG@A@@A@@B@@AB@BAC@A@C@@@E@@C@@A@C@@@CAEA@@@AAAADC@@BABA@@@AAACAAA@A@A@A@A@@B@@ABA@A@A@@A@@BAB@@AB@@A@@@@@@@ABC@A@AB@B@@@@@@A@A@EAAAAAA@AA@C@A@OB@BA@@BA@A@@@AB@BABABAB@@A@A@@@A@@BA@AAC@@@@@ABBDA@ACA@@BC@A@A@EAA@A@A@CBAAAAC@AAAAA@@@AA@@@A@AAC@AAA@@@@@@@A@AAA@@EAAAD@BA@C@CA@ABA@A@@C@@A@A@@@@A@@@A@@BA@@@ACAAAA@AA@B@@@BAB@@@B@@A@@@AB@B@D@B@@@B@@BB@@@@ABCBC@A@AB@B@@ABA@@@A@@@AB@@@B@@@D@@BD@@@B@@@F@BB@@BEAC@ADB@B@@BD@@@@BA@@BADCDA@@@ABA@A@@@@A@A@A@@A@@@AA@@A@@AA@EAA@@DABAAA@AB@@@B@@ADE@KDA@@C@@BA@@@@AA@A@AAA@@A@@@ADAD@B@BB@@@@@@BB@AB@@@@@@@@@@@B@@B@@@A@@@@B@@@BA@@@@@A@@B@B@@@BB@@DDD@B@F@B@@@BABEA@A@AA@ABA@A@A@A@@@C@@BA@C@CAA@@A@@@A@AAA@AABA@BFAB@BA@A@AAA@@A@@AAA@AA@@@AAA@AC@AAACBAA@@@AAA@AC@AA@A@@AA@AAA@C@A@GDCDEB@@ABA@ACA@A@A@ABABADABABCBC@A@@CAAACACAAD@@A@C@A@AA@@A@@@A@A@@A@@A@@@@@A@@@AAABA@@@@BA@@@A@@A@@ABA@A@A@@@AA@@C@@@@A@@@@@C@AC@@BA@@@AB@@EKACAC@@A@AA@@A@@AA@@@ABA@AC@@CBCCAAABAAAAC@A@@@A@@DA@ABG@C@CAC@@@@A@@@@@AAA@CA@@@@@ADA@@A@ACAA@ABA@AA@@AA@@BAAAA@@@AB@B@AA@AA@AAA@@AB@@@@A@@AA@@AAA@A@AAA@A@CAA@@AA@@A@@A@A@@B@@A@ABA@BDA@AB@@CA@AA@@AA@@@CB@@@AA@@C@A@@A@@@@@A@C@ABC@A@CB@@AC@A@A@A@C@@AA@@E@CA@A@A@A@@@A@CB@@@BAA@@A@@A@CCCA@@A@A@@@A@BAAAA@AAA@@B@@@BABA@A@AAA@A@C@AB@@AAA@@@A@@@A@@@BBAB@@@@@AA@A@@B@B@H@BG@@@C@GACAA@CC@@CACAA@A@ABE@@@C@A@AAA@AAA@A@C@A@E@AA@@A@A@AB@@@A@@A@ABA@A@@B@@A@A@@@@BA@@BA@A@A@A@C@@@@B@@A@CAE@AB@@C@A@A@A@AC@@A@A@A@A@@BC@AB@@G@A@CBCAABC@A@A@@@C@E@@@A@@C@@CA@@@AAC@@@AAC@@@A@@BE@@@@CAC@AA@@A@@AA@@A@@@A@@AAAA@AAA@@A@AAA@A@@B@BA@BB@BA@AA@@@@ABAACAA@@@A@@B@BAD@@ABA@ABA@C@CBC@C@CBA@@BBBA@ABC@C@@B@@@B@@@BA@@@A@A@@BA@AA@@AAC@AB@A@@A@@@@BA@@@A@@@@@@@ABABA@CB@@A@@B@@ABAAAB@A@@A@@@@BA@@@A@@A@AACAAA@AC@@A@A@CBA@@@@BABA@C@C@@@A@@@EAC@A@@AA@A@AACAAA@@@@AF@@AA@@A@@AA@BA@@A@@ABA@A@@@@A@AAC@CAA@@@@@A@A@A@EE@@@@AD@@@@AA@@ABC@@@B@BAAA@@@@@@B@@B@@@@@AB@@@@@B@@A@@B@CACAMCEEW@SBAB@BABGBQ@CDMAM@CB@@M@@@A@@BUB@AK@AAE@@@G@@BI@EB@DC@@CE@@C@AG@A@@B@B@B@@@BC@C@@DE@BDC@AHCAAFEA@DQ@@EA@A@C@GA@AIAB@GAA@C@@BA@@BA@@CG@@EC@@CDB@CE@@ABE@AE@GGE@SCA@BDG@@@@@G@EACA@AMAOHAB@FAB@BB@AB@@C@@B@B@BEHB@@BUG@AB@@A@@A@A@AAA@@BCDQEEAACC@IB@D@DCBGA@DG@SHGA@BEB@BG@@@@@A@@B@@A@@BKAA@C@@@AFG@@DC@C@E@CCAAA@@@K@AD@FA@A@A@CAAAEC@D@BDLBR@DCFIHUHMDMHMHWHCFELDJNNJFHH@DCJIPXPHFJDPD\\PFAFINE^DhFTFTDÂTHDFFFFBHFDb\\FHHLFJHJLJZPJHFHN\\HLJFHFTD\\FVFJDPJLNFJA@A@]@GBM@AHBFDDZB^@HBDFDRIFGJBTBJ@HCBADELSTG@aLEJCLSLAFFLBD@HBHAHCLJJ®LNDLBTBNBD@HBFFBDBFDNDHDHEFFFB@JHX@PDPBTDLFHHJHNJDBDBJVBLFFDFHHHFDFDLBbHXNFNL¦~^XJJRVVPBLPTILCNJJDdJLRD\\IPQB_CWJYTCFCHAHBHDFFDLDl@nABfAR@TDXDLBRJRJldZDFFDDDBDBDBDFDHBL@LBLAJAJAPAPARCRAB@D@@@DFBBBBDBB@FBtBvFHBD@JDJFTRNNDBPNJFPFNAPEPB¨vVLVLFDB@D@B@D@H@B@B@BDB@BDB@FBB@D@BADCJIBAD@D@F@LBHBF@JAJALCLERETAVBNFLDLDFDD@RDTB`AH@B@@AFGBEDAD@D@F@HBFADAJED@B@NDFBD@DAFCBEJGBCBCBCAG@C@CAACAEAACAA@C@ABEDCDENKp]DAHADAF@J@D@D@BADCLEDCDEHEFCBCBGBEBCBCFEPKHCFCPCJAJ@TDBFFJD@DC@GFAVFTDX@bBXAH@HAJEHEFEFGBEBE@EACAEEIMOEGCGAG@SFALAFADADEDEBE@E@CACACOQCCAE@E@CBC@AHIZSFEJGPEpMVGBAX@nAN@Z@LBJ@R@H@H@N@XHvNXFFBFFBBBH@DADADELCFGFIFEDAD@B@DBBBBBBF@N@LAJAPIF@RAD@FCRKHGJIBAD@PCHALEPEDEBCCCECIAEAG@GBQ@_HCDC@A@EEAC@AB@BAB@N@BE@C@GBCBEBKBI@OBA@ABAB@@@B@@@DALMHCDABAHAL@HAF@DADCFEPKFC"],["@@@@@A@@@@@A@@A@@@@@@B@@@@@@BB"],["@@A@@BA@@@@BA@@B@@B@B@B@@A@A@@@A"]],"encodeOffsets":[[[123806,39303]],[[123821,39266]],[[123742,39256]],[[123702,39203]],[[123649,39066]],[[123542,39048]],[[123759,38985]],[[123847,38933]],[[123567,38898]],[[123575,38896]],[[123580,38839]],[[123570,38853]],[[124326,38515]],[[124390,38484]],[[124390,38483]],[[124401,38481]],[[124405,38481]],[[124402,38480]],[[124404,38481]],[[124406,38481]],[[124406,38480]],[[124403,38480]],[[124406,38479]],[[124439,38479]],[[124433,38475]],[[124446,38462]],[[124452,38459]],[[124379,37646]],[[123541,38969]],[[123780,38940]],[[123588,38873]],[[122698,38205]],[[123320,38698]],[[123344,38676]],[[123522,38857]],[[123527,38848]],[[123549,38892]],[[123590,38896]],[[123658,38824]],[[124390,38476]],[[124384,38479]],[[124411,38469]],[[124417,38467]],[[124425,38454]],[[124397,38474]],[[124369,38429]],[[124276,38540]],[[124473,38486]]]}}],"UTF8Encoding":true}