{"type":"FeatureCollection","features":[{"type":"Feature","id":"371600","properties":{"name":"滨州市","cp":[118.016974,37.383542],"childNum":1},"geometry":{"type":"Polygon","coordinates":["@@@BCFGD@CAAMDGB@BE@@@@AG@ACAAO@GB@E@@@@@CE@AKBC@IGAQB@EAAE@@C@IAAC@GCAEACG@@DC@EACCCEGACB@DKDA@C@BFGBBD@@@@@@B@@B@DADS@CB@DA@GBEAGBQ@@DBD@FKAGBAJDB@BBFADM@@@@DE@BB@B@@@@BBE@EBAJBD@B@BAAADAP@BCA@DFN@@D@@@@XB@D@FBJ@BBBB@HA@@B@FB@@DFD@CD@BBBH@DCBGBA@@AC@CAIBA@BAC@IB@FCDBDC@@DBDDDABABADCF@@@@AD@JA@GBCBCDCDA@G@BH@@A@C@AA@AAIG@QCGAE@IBECECKC@FE@@A@EGAEACA@FEAAD@@ABAD@BDBCD@@C@A@CFCDB@@BEA@@ABCA@H@HABJDLDDIJHHBDBBD@DNFAB@@JBCBBB@@CDGJCFCF@DGDADALBBB@@DC@EC@F@@D@BB@D@@E@@F@BA@B@DD@FFBFDLHBBEH@F@B@@B@@BB@BBBBB@@BB@@BB@BBB@BB@@B@@B@BEFAAA@CPAAA@@DAFD@AHGAAB@FI@@FGAAA@A@AO@AAC@ABAJ@B@@@HEDEAGHG@IBK@AABMC@@GQECDG@CBG@EAC@@FCBIAECE@@@ABBD@@B@AHABE@@EC@CBA@@JBB@@@@D@BHB@@LBDB@B@@@DA@BBHE@@@NHDAB@DBHJCFABA@AAAA@DAFD@@BAPC@A@ADCFAACAGB@@AB@CEA@HIFA@ABE@CE@BA@@CE@GAEGGCA@@BBH@@BB@B@@AB@@@B@@A@B@@B@@ADA@@BCLA@CBWMSGIECACAA@MAAAC@IAE@C@C@EDEJIHKFQFGBOFY@@@IAKCQGIE[Ue[GCGCM@M@SDGBaDqJA@ODEBIFYTIFMBCBA@CAOGGCGCOSEIEGAEAM@IAIEKKKEGIEQECCCC@ACQGe@IEIEGMKCCEAOC_E@ABGCA@C@AFB@CAABIBCDB@GB@D@CA@AL@DBNGFAAED@BA@CACAAA@@AKA@KB@D@@ED@BC@K@EBAF@BABAHC@DHBB@@CB@B@BAD@HBHBBBB@FBBBD@B@B@D@B@D@F@B@DAJCFAD@HAJAJAFAJCHANEJCJABA@@RAJATCF@B@B@D@P@D@BBB@B@D@F@DAD@B@HCDADAF@D@F@H@TBL@B@B@NFB@D@D@FBF@F@F@FBB@D@J@D@F@DAB@F@D@B@DAD@HAD@D@D@H@F@F@H@B@DAF@DA@A@@AE@AAAB@A@@AA@@A@@@C@@@A@A@@AC@CBA@EAA@GEKEGH@@EBCHABA@ABB@BDAAAB@D@@BH@@EBADB@DN@@GFADC@A@EA@CA@E@@@@BBB@@AB@@AC@CA@M@ABCAE@ADAAIF@@C`ADCR@TADA@C@GF@AS@EF@@QJEF@@C@@@@FAACFABCJAFEBG@OBC@@@A@@ACAG@EB@BFDF@D@B@BDFFDBA@GD@@CA@CC@EBABBBB@HB@BA@GD@@DDBBBF@@BD@FA@@AWE@@EAAC@GC@EAAG@G@C@@ABA@@@ME@C@C@GCBG@AOBEEAE@@@@@@A@@A@AAQG@A@CAGBG@IDC@E@A@@C@AEAAA@@A@BAFA@@@@GA@@G@@EO@@HEBE@ABA@C@@IGBCCEB@Cq@@AC@CAAC@E@IJIAM@AA@@EA@CCCKC@A@A@AE@IAIEA@CDA@ED@@@@A@EE@@GA@C@@ID@@EA@@ARABK@I@A@@B@DDDEBA@AB@@B@@@BA@@B@@@BA@B@B@@@B@@@@@@B@DDAB@HAHGDC@EDCFCCGAA@EDCFAAG@@C@@CG@@@ACK@EAEAGDDDDDBBGHAFC@ABBB@BAB@BG@CA@CGAACB@@BD@DCACCA@CACCCB@B@DE@GA@ADCACEAB@BAA@AB@@ACC@A@ACBE@@A@@@@@AA@@CAA@ECCA@@@@A@@E@@A@@CEBE@A@GAECCI@@@@CC@A@@@A@@@@@E@EC@AF@AA@A@EAACCC@CB@@A@@@AAA@@@A@A@A@A@@DCAA@E@@@@@MBCF@DA@A@AAAG@AKAGFE@C@CABG@ACAIAA@@BBHEBA@E@AD@@@H@FBB@@@@NHPPLH@DELN`FDBDSJ[FG@G@CCe@IJEJCPOXOLm`UJkPMHQRIJMPOPEXBTFNHPCNEJGNOTIFMD]L@FIDE@DPFFDA@CBAHAB@DA@CD@@@DNPFHBBDDL@JCDC@GDUHAFBDFBF@@CB@AFBBADGFCDE@ACE@C@G@@CCAC@@CA@@EACA@@@C@AA@CAAKC@G@AAAAB@DGB@DADA@ABAHIBC@EB@BK@@CKAGAAAA@@D@B@@IAADE@AADE@AB@ADB@@@DG@C@A[E@BCBCACCC@MBI@OCGCGFMJMDCAAAGEIIWESBGHEPETETGVIJOHKD[JMDIHMN@PJFLFNJHJFT@PB@@BCDGBABABBDFDbGLAH@F@NF@@RJTNPHLBJBfDTBHBLJXXAHA@AB@FCFABALAFEP@@@@@BCLCNCR@TEPGLMLKLKH@BAFCFKLCFCD@@ADADCFDBBLBFAB@BDDFDD@BAHADDDBFAN@@DEBCBADDHF@BBAHF@@CBACEDBDFJA@AHABBBB@D@@C@BD@BKDAB@HBJD@@DE@@DI@@LCL@DEFSPKXALCP@PFNDL@NBH@@@@@HBNUXGHEDOJ_PKDQTJN@@@@BDFJBJBNAH@@@@@BMPGH@@@@A@IFU@OAOCc@SDGHHJRHCD@@@@CDMD[FDPFD@@@@FDPDNBNBJL@NKLIDMB[DEJGJGLENFLDNBPDP@JFLJJLJLFPLHLFHFR@LCL@BAD@BADCPBPBNDNFLJNLJNHNFHF@BBB@HCFABA@JNABA@DNF@B@@A@@BALIHADA@U@GCED@@CC@EGECAOF@CI@CFABEDITALFPJLFHJHRLLJKHG\\GPFNHPCJKJSDA@@@@FCRCF@D@BBDBBDDZJPHJDDB@BAD@F@BDDD@FH@@@BBDBB@V@L@BB@HLBB@ABB@BB@B@BHJIBAD@BHDCD@B@DD@HBFDFEDEFDADBBKDCB@DDBADA@C@BBABG@@B@HFD@BDHCBDHABC@ABBFI@IBE@AJE@BBGB@AC@AB@HHB@BBDJ@D@DBFDBDL@DABF@BEBCBBBDABDABFFDDAB@@BFFNJN@@@@BD@DF@BA@@@C@@BAFJBD@DABCH@@@BHFDBB@D@B@B@D@JFJFDD@BBF@FBBBBDBFDHBDBBBBB@DBFIBAHGFC@GBGBCBGFCD@DDL@BA@@B@JA@@GAD@F@@GHKDMBKAQBINAL@NALAJQZCLTJNDnPDHBNCNAPAJ@LCPAPQPKHOB@@DF@D@FBF@FDDBBDDHFDDDDBBDD@B@@@@@B@@A@@@@@@B@B@@@@A@@@A@@@@B@@@D@@@@@@@@@@@@@@@@B@@@@B@@@@A@@@@B@AA@@B@@A@@@@B@@B@@@@@@B@B@@B@B@@B@@@B@@@BA@@@@@@@@B@@@@@@@@@@@@AB@@@B@@@@B@B@BAB@@@B@BBB@@@@@@@BB@@@B@BAB@@@B@@BBBBB@@@D@B@B@B@B@B@B@BB@@D@HHFDHBJ@PBJ@FALCFAF@NDN@XDN@LAH@D@FBDDDDFDHBD@JAZEJ@F@HDHHFFDBNJFBDFBH@J@FBDBDHHFFDHFFFDPFD@BBHBF@JDDDBJ@JCPCHAF@DBDDD@BDB@AB@BA@@B@@@D@BB@@BB@B@BB@BB@@D@DA@@B@FBB@BADA@@B@B@@@@BBDBBB@B@DBBB@@@@@B@B@@A@@BE@C@EDABABABDDDDBHDJ@DAFADBFFHDFDHDDBBB@@B@D@H@DBBBBNFRJHFh`BBFHHHDLHLvE[HORM|cqfYRKlS\\@ZJàČV@PEDMÏĽAE@IDEBAFAJCLAN@^@`AbG`E¸E\\A^CQaACAACCCAECAA@CBADAJAD@F@@ADABCBCDI@A@AAACACAAA@AAE@CCEAG@CA@CACAEAA@AA@@@ABADE@CBC@C@C@E@EBE@CAEAIAI@A@GCM@SAIC_@CDABA@@AG@CBAFCBAGCIC@MBG@IBO@@C@A@BEOAAA@ABEDAD@JBF@BKBG@A@CAE@E@QJ@DABIEABADC@CDK@@DBAF@@DCHW@AA@AABCBAEADE@CA@E@AA@ABA@A@I@CBKHABCFQB@B@@B@VAFDBD@HEAEGB@IH@FIBEAOBEB@JFBDBBHBADB@bHCFB@NBADHBADBBB@AD@@LDDEBCDAD@JEHFDADBJBD@LUAABENY@AA@I@@AAGB@H@@BDBD@@CH@AI@@@EBAH@HCDA@AAC@AC@AA@CBABAD@@A@A@AI@@C@CL@@EB@B@BCBABEAABC@AEA@CA@AFK@A@AAAAACCICGACCE@AL@CEE@@KAA@@LINABE@@@ICCKEGBAKA@E@@CBCAC@G@AMAI@@AC@E@ABC@@A@GBA@MBEC@CBACAKAEEBACAEDKACCCEBBOKAAAAEE@AAAEDAAECAAAAA@AA@@FA@@CCAAIKAECIBGEECE@S@CBABCDGCEACBCDCDGCGF@DGA@AKAAB@DAFA@E@ACBA@AAAC@KH@BABCAEIQAABC@EC@@AECBA@CSCGA@ABG@C@BIE@@AH@@CC@AE@AAA@CGCI@@CBAJABGC@@FABE@@EBAB@@QAECECAEGABCC@EDEACKCM@ECEGB@@ACEAC@AD@@IDAP@@C@AA@E@@EC@@C@ABIB@HBDEH@DFLABBBDBDBBF@B@@GDAB@BFJ@@BHBFMCABEG@A@@C@C@@DABCG@@EAAA@@DEA@EGAA@@@@@BEAEEECAGBCCAA@ECEGEC@ACC@AA@CD@@ABC@CGAAA@@BKE@DIA@AGE@AAA@BKGB@A@@H@@CEAACG@@@AAAE@G@ACCCBCA@E@G@@@@HCPCB@@@CGAAGDAA@AEO@AFACIA@@@DAD@@BF@@@@AL@BBDA@DF@FBH@B@LGF@@@@AD@DCDIB@FBFA@ACACE@@BABIF@JBBCGACA@IBEBACGEE@@@ABEAEBA@A@@@A@AEBGBUBGCEGCC@EDCJGB@@BLBH@DADGDA@@AAA@@E@AC@BC@AF@BA@@BAPFbRbP@@PFF@J@@CBG@OBAFBBAACBARDD@@ABAB@L@H@DF@DCHBBJA@FN@BCBABQ@EB@JA@CBAD@@BB@DCB@BB@B@@@@F@RBDABED@@AAAAAAAAC@A\\@D@VBB@@S@g@QD@BAAKBCD@L@@@@@BA@EAKBAFATBF@@A@CJBBAAAG@A@ACBED@L@H@B@BAF@AIBADANB@ECAE@AABAT@@A@KF@@I@E@AM@ACAACAISAAG@I@EMAGBABANBAAGCLQDADCHI@CF@JC@@@CH@BE@CB@@AAGF@BIBAD@AE@ADA@GF@@A@EE@AEE@@IC@@IA@@S@CA@I@@GA@E@AE@@EBCBAAGI@CACQBAC@GC@CAA@ACBEBCH@@B@E@AA@I@C@DMDDHG@CAA@CB@B@DC@ABEACE@GD@@AEEDABE@A@ACB@B@D@BAAEFAAEH@BCAEI@AECCCE@GD@DGBABAAIAIACBEB@@C@AMGKGAGDCB@@AAGCEIGE@G@CACE@E@CCCIBCAACAEA@AAAEI@@OAA@A"],"encodeOffsets":[[121128,37888]]}}],"UTF8Encoding":true}