{"type":"FeatureCollection","features":[{"type":"Feature","id":"371200","properties":{"name":"莱芜市","cp":[117.677736,36.214397],"childNum":1},"geometry":{"type":"Polygon","coordinates":["@@DAL@LKFCBBBAJG@AAEMCC@CBB@F@DDE@K@MEE@KCDAJKP@@A@ABAB@D@BBFK@CAGQK@@BA@@@@@@B@B@B@@@AAB@DAB@ACB@@B@@B@@@B@@@B@@@@@BCBGB@@@HBBGCEEACBC@A@EEB@FADGBEF@EEECCEHGJBDBBBJ@@AFCJ@HKDA@EFCFJE@A@A@@DFJB@B@JADCBA@IB@FBPHHCF@ABDLBBA@CB@BDBDBDC@CLBJABC@AACGC@A@A@@BAAAA@@A@@@AA@@A@@@AAA@ABABA@GBEB@DDDAFCdGB@DE@E@AACBE@ECCAABCFGJAHCJKD@BA@CHMF@@K@AACBC@EBAD@BBDLDF@@D@B@DMAKCCBCBACC@@@ACE@GBADAB@AD@BHJBBBBJBAF@DBB@BD@DCFAH@BDJCH@B@@B@BA@@@@@@B@@@B@BHAFE@IF@@CC@CBCDBDABA@AAE@DCB@B@HG@AEBAABABBF@BABAGA@@BABADA@AAC@@@@A@A@AA@@@B@B@BAAAA@A@GAACAE@EEAG@EFAHGAI@@C@BCAABCAEDIDEB@DAB@BOEEAEBEBAHCDAJ@DDDBH@HAFCD@J@NCJA@CDGCCCOCCCA@ACQAKBE@EACA@@ADOFE@@AAAAEACKCAA@EFGBG@C@A@AAMEECAC@GC@E@AFKHE@GE@G@EBAGMGGCKAAA@AC@AJ@F@DAJO@CC@@@A@AAB@@@BAAEAAABC@GGBGBAD@BC@EB@@@B@BCCAAOFGD@B@@G@CHCFECMA@@ADCBA@C@EBED@DCDED@N@FDDDBDB@DC@ACC@ANG@QC@C@G@AIAECCFEDA@ADGIAOAEIACBCHKHEHAD@@M@@A@C@GGBCB@JBDMDEAEE@GABEB@BEJSBA@CACA@@@A@@AA@@@A@@@A@A@@@A@A@@B@@A@A@A@@@A@A@@@AHCHQB@BBDGNGBIHC@C@EAKB@BGAE@AAEAGBC@OECACGC@CA@AECE@CDC@G@CCA@EB@BABKDA@@@DGAAEBCDGBAAECC@CHABC@@AG@A@@DE@CCACC@@B@@BB@BCBA@CAK@CBIBCAGEGACE@ADABA@ECACC@C@@CAC@A@C@A@@@AAC@AAA@@@A@AACAAAA@A@@@A@@@EBC@@B@@@B@B@B@B@@@D@B@B@DAHADEBAFDDDDFFGLCDKH@BGHA@@@A@CCAAECOAGF@BDBGH@AA@GDCDE@KFEBGD@@CBCBGFEAYC[@G@]JWLQLMHYLY@[A[JIHGJGTCPILO@IC@@@@A@OGMGOGIDIAAACAEABFCDI@AAGGBEA@AAACC@CACBCBGEIBE@A@EC@@ABCAEDABADFBBBCBADDBBAFBFDADBDCFBDADBBF@LDBB@BCBIBIAE@CDCB@BDHBDB@@@@D@B@@BBA@BB@FDDBHBF@BBDFHHBFFFBB@BCCA@APABBPHDB@HEHAHBBBABBBBABC@GAEBCFKA@CABABMCADMH@D@BBB@BCAA@CDCF@BAB@HG@E@DBBFFDJHBBBDEBAAA@CJ@@D@BFANQ@@BA@A@CBCDIACCICCAAEKCQDGDABC@@B@B@BC@CB@FA@A@ABC@ED@BN@B@BB@JCHBBRBNHJ@B@FBABADALAV@H@BOAMAC@C@@B@FA@AB@DJJ@LKDI@BD@BDBABC@C@@@@FBBBBBB@BAFADABEFABCPBFDFNJ@@B@@@@LCNKJKHKLONGLMZ@LCRIVGXCV@XFVJNAPPOPOPOJGZCTDJPPRPTLHPBTBP@RAN@NBPL@@@@JF@BC@AB@BBBBFBHJ@TPBDCF@HFJBBB@JEREFC@@F@BFF@F@N@JHPF@BFBP@DAD@BBBF@BBBFBH@DBBFFFBBH@BDBBDDB@DF@DDFBBJ@DDHADDPABBFF@BFBDAB@@BA@JHDBDCACBCFCFATQHCF@TCBA@ADAPIFADDB@L@FCBEFARARARDXNJ@DAJ@"],"encodeOffsets":[[120569,37403]]}}],"UTF8Encoding":true}