{"type":"FeatureCollection","features":[{"type":"Feature","id":"371500","properties":{"name":"聊城市","cp":[115.980367,36.456013],"childNum":2},"geometry":{"type":"MultiPolygon","coordinates":[["@@DAB@B@DBHFPQSA_QP`"],["@@ECQEWK[MWQY[U_OYCCKGECGEME_SMQCBgXMHAD@@BH@XFTDLFNBB@BADCF@@F@BJA@B@D@DZMBBBA@@BGBBLH@@DXE@BD@BPDBDVFH@HBVBHBPAJEHGHGDCFAB@BBLFRJZBJDBDBHBJ@VADBBBBD@HBJDDFFLFHD\\PRDNBPDFBDD@@@D@D@B@D@D@B@B@D@DBB@DBB@BAB@D@D@D@B@B@B@D@D@B@BC@@FAA@@@@@CC@@DA@@FC@BHHA@FD@@BD@BFD@AAB@BBDA@FHA@F@B@DE@@DA@BFBFBDBDFA@AH@@FAB@BD@B@BHA@BD@@@D@BBDFFBB@DBDBDBD@FBD@@BB@BBBBD@D@B@@@B@BBDBBBD@@BR@LAREnG`ALBFDN@NCJAJ@P@JBN@FAF@DC@BDA@@@G@@BC@@@EB@BA@@DBD@@@BA@B@@@BF@@@AB@@B@@@@B@@B@@@DD@@@CBBDA@@A@@@BA@BFA@@@CB@BA@@B@@@@A@@BAB@B@DABA@C@A@C@A@ECCAAB@@CBACSDBDGBC@@B@B@@@BA@@B@@BDE@@DE@@BI@@BA@BBCB@DA@BFA@B@B@@BB@@DB@DH@@CBBHCB@BB@@BBDEA@BB@BJA@@@BDDFADOFgGQIMGKCMEKDAPFJHFHLCTONMPIL@P@@@@@@@@@BAZCLKPOHOFUDODKFABA@AB@B@B@B@BBBDBBBDBB@BBBDBB@D@DBBBBBBDB@@H@BA@HC@@BD@@B@@@@AB@@B@BHA@BFA@BHEBBBB@@DCB@@@@@D@@A@A@AB@BCB@AA@@@EBBB@ABD@@@@@B@@@BA@@@A@EDABA@A@AAAACC@AACA@@@A@A@AB@B@B@B@@ADAFAB@BBB@@BBDBB@BB@@@B@BA@A@@@K@C@AB@@A@@B@B@BBD@B@B@D@BC@E@E@@B@@@BE@@A@@@FA@@@ABB@@BBH@BRCBFB@@B@@BBB@@CHADDBBBBBDDF@D@B@BA@AB@BABAB@BAB@DBBBDBDB@@@A@KBBB@B@@@BA@ABBB@@DBDDBBDB@@D@B@BAB@@A@A@A@C@@@A@AB@DBD@B@BBDBBDBB@BBBBBDBBBFBDDDBBBBBBBBBBBDDBB@BBB@B@D@B@F@D@F@DDHBH@DBD@FAF@BBDBFBDLCDHJABF@DK@I@@B@B@D@DBD@@BBDBHBB@BBB@CBGFABBBHFFFBDBBBD@B@FB@FED@@AHABABBBBDBBDDDDBDDBBBBB@BDDJBDHFBB@B@D@@@B@B@@AB@BAD@@@B@BB@@@DDBBD@@@FBB@DBB@FBB@B@FBB@BB@BBB@B@D@B@B@BBFDBBBDBBBD@BB@BB@@D@D@B@B@@D@D@FBB@B@D@BBDBBDB@@@@@B@D@DBBEB@@@@@D@@BADB@@@@@BBBBABABAD@BBB@@@BB@F@B@DB@@BBAB@@CB@B@F@B@DBB@@B@B@BBB@B@B@@@BBDDBBAB@@CBC@BDBBBDBB@@D@D@D@@B@@BBA@@BA@ABCB@@@@ABBD@@BB@@BBBAD@B@BBBB@@DDDDBD@@BDBBBFBD@B@@BB@BAD@D@B@@BB@@BBB@B@BBD@B@D@D@B@B@@BBBBD@BDBB@BBDBB@BBB@@@D@D@@@@@B@@@BADA@AB@@@B@B@B@B@B@@@BAD@DABAD@BAB@@B@@B@@B@B@B@@@BCD@B@@@BBB@@BB@@B@@@B@@@BADA@@BAB@@@B@BBBB@@@DBD@H@B@B@BB@DBB@J@DA@@BA@@BC@A@CBABAF@L@@@@B@HAD@BB@@BLGBAFEBCB@B@@@B@B@D@B@B@@@BB@@@B@@BB@BB@BB@BB@BBB@DBB@DBB@D@B@@@B@DBDBB@@@DBB@@@B@BBJDFBB@DBB@B@B@@BJDB@BBBBDBBBDB@@@@@@B@BAB@B@@AB@@@B@@@@@B@@@BB@@@@BB@B@@@B@BB@@@@@BBB@BBDBBB@@B@B@@B@@B@BBD@D@BBB@B@BBDBB@BBB@@@BBBAB@BABAD@@AB@B@@@B@BBBBD@DB@@@@@@@ABAA@@@@@@A@@@@B@@@@@B@@@@@@AB@D@B@@@BD@@A@@B@B@@@@@@A@@BA@@@@@B@BBBDBD@B@@@F@B@BBBBBBBBB@B@B@B@FAB@@@BAB@@@@AB@D@@@B@B@B@@@BBB@BB@FFB@@BBB@BBB@B@B@BBBBBBDBB@@@B@BBB@@AB@DAB@@@BB@@BDD@@BB@@DDBBBBBB@BBB@DB@@BBBBB@BDBDBDDJFBBDDB@DBDBHBB@@@@BBDDFDF@B@@B@@@BB@@B@AE@@JCJFB@BA@@AABAB@D@@@B@DLH@@@B@@B@B@@@F@@@@@@@BB@D@@@@BB@@D@D@DB@FA@G@EB@F@F@BAAOL@@FADBDBBJ@@DD@L@@@@AD@X@BIH@B@BBDDDDHAHCBN@BL@@CDCDAJAD@ADBBBBB@F@HGBGGBGABEDAHAJ@B@@AF@@CDBDBDDFXBBD@B@@BB@BA@KDCD@@EF@NALEJELGREXCXCNANAV@T@@@B@XA^CRDXDP@@DDBXHFADEDAJ@FCHBB@HA@DDBFC@@DAJE@A\\AB@@CD@@@AB@JCA@BBHFBPDA@DBDB@BDBB@B@BAFABBFC@ACAFCDBBBLJB@LJDBDFFHJDDB@@RDFBHFDDBFBDBH@D@L@@@D@BAD@FB@@D@@DFJLB@FF@DD@ACBABDDAFHDCB@JJBAAA@AD@BBHAJ@BDBFABACA@BFA@JJB@FJE@GFCBAFBDBBRHFBDABBB@DDDHB@@@@@B@BB@@@@BLBFM@@DC@A@@CC@C@@DFH@B@@@DA@BD@DBDBFBB@BJDDAFAAA@ALAD@F@FA@AA@ACAEBCDA@@@AAADCDABGB@BFJ@NABA@CB@JAPKVKLCRGRMNSLCHA@BJ@DD@DA@@BDJB@F@BB@@DAAEF@AE@AB@BHF@B@DCH@@EL@CILA@A@CHAADJ@BD`DVB\\@T@FA@@D@@GDCDGDAH@AC@ANCB@HDHBBCBCD@@A@@F@@@DCBADAB@AMG@IBCCACC@EAAC@@EBAFC@AAAGA@AADABAAMEEEC@@BCL@BB@AB@BAB@@CDGA@@ADCB@DB@EAAA@@@@AG@A@@CAAEBCACBCBDF@DMDAAC@ABIA@CGAACB@ACEMD@BEB@BA@CC@@BA@ACD@@CG@@ABIDCHAP@@DDABA@CACC@AEAIAB@A@@G@E@EAKE@@@CA@FCB@@ACICBAAAGE@@C@A@EFE@AGSAAC@@AA@ABAE@ADAECHCACL@B@@AAA@GD@AEI@@@BFABGCCB@AKG@CMCABABC@CADCEAAAAA@AFBB@CCBAB@BDH@@EBAF@N@BAAABAAEB@D@BCAGFODI@@@@DMCQCKIMGOBMHSNIDKBOAODMFK@YBKDQAKKMCGBMDGFM@MAK@QEWCOCQCQAOCO@MDQFCTENANGNGNMXUHMFM@QCICGBMJKZ@PABB@@BBB@BBDDB@@@BBB@@ABADCLAPC@@CED@@EDAFBBA@AEK@ADEB@DCDABB@@LG@@@AFBTJD@BA@AGQF@@C@@BA@@@@@@HDFDD@BCEKBAAAA@BAECA@MQEICGCCICGA@@KKIGKIGICKCIAAGECECIAGAAECC@WFQ@M@GAEGEKCKGEMA[BS@MCSIQIMEUEYGUEQGQKOQGICKCKMMOMKMEI@MGIQOQIMKOOGEEIKMOMAACA@@@@KCIAQBQ@O@OBU@IE@ODQCKUESASCKCICIECCAICIEEICMImE[CKCEGsyYWaSKGGCMAeE_IYIYSGCC@G@SJIBE@oQECAAAECECEGCK@G@GDGDIHC@G@K@EB@@C@A@EBCAA@A@@@AAOCGAEAAAAA@@AAAAA@@AA@A@AAAAAACACACCAAAAB@BC@@B@H@WS@OGAECG@GAE@A@C@YCCA@@@@@@A@C@G@A@A@ABABC@EBIBA@GAE@AAA@CAA@AAE@EAA@AAA@CAAACCA@A@BA@@CCCEAC@EAG@CA@GEAACCCAOAEAECKCECAA@CEGAACCG@C@E@A@CBABABG@SBOBGBEAKAA@OAKC{gKGKCSCgGORBFDDBBBBBB@BABABADAB@B@@CBA@EACAECCAA@EAAAAA@C@ABCBCDCFCO_"]],"encodeOffsets":[[[118268,36758]],[[118260,36742]]]}}],"UTF8Encoding":true}