{"type":"FeatureCollection","features":[{"type":"Feature","id":"371000","properties":{"name":"威海市","cp":[122.116394,37.509691],"childNum":31},"geometry":{"type":"MultiPolygon","coordinates":[["@@ABABABABBB@@B@B@@AB@F@B@@AB@B@AA@AA@A@C@AA"],["@@@@ABA@AB@@@@B@DAB@AA@@"],["@@ADBFBDDBDAAGCEC@"],["@@C@EDAD@DBBDAD@DE@CAA"],["@@E@CB@@DBF@D@@A@AC@"],["@@CBABDBB@DABAAAC@"],["@@ABC@AB@BBBF@BA@A@AAA"],["@@A@AB@B@BBFBBB@BB@NBBFFB@BA@@@C@ABADA@A@AAAA@AA@AACCEAACACA"],["@@AD@FDBBA@EAAAA"],["@@AB@B@D@BDFB@@BBABAB@B@DAB@BA@AAACACCC@E@"],["@@@@D@@AB@@@@@@AAB@@A@@@@A@BA@@@AA@@@BAB@@BB@A@@@@B@@@"],["@@@@B@@@B@B@@A@@@AA@@@@@AAB@BA@@@@@A@@B@@@B@@@A@@AA@A@@@@@@BA@CB@@AB@B@@@@@@@@@BA@A@@B@@B@DBBA@@"],["@@@@@@@@@@@@@@@B@@@@B@@A@@@@A@@@"],["@@A@@@@@@B@B@@@@B@@@@@@A@@@A@@"],["@@@ACBB@@BA@GBA@@@@C@@E@@@@B@@D@@@@@@B@@@@E@@@AB@B@BA@@B@@C@@@@B@@DB@@B@BA@@@A@@B@B@@@@B@@B@@BD@B@@@@B@BB@B@@B@@@B@BB@@@@B@BB@B@@@@B@@@@BB@@BA@@@@@A@@BA@@B@@@@@@@@@@A@@@@@A@@@@B@@@@A@@@@B@@@@@B@@@@@@B@@B@@@BA@@@B@@B@@A@@@BB@@A@@BA@@@@B@@@BB@@@@@BB@B@@A@BBA@@@@AA@@@@B@@A@@AA@@@A@@@A@@BABABAB@BA@@BBB@B@@AB@@@B@B@BAB@@A@@BA@BB@@@BAB@BA@@@@AA@BC@C@@@A@A@A@A@A@G@C@C@CBC@C@A@I@ABC@A@"],["@@A@@@@B@@B@@A@@@@"],["@@@@A@@@@@@BB@@@B@@A@@A@"],["@@@BC@@@@BA@A@@@A@AA@@@B@@BBBBB@@@B@@@@@BA@@BA@@B@@A@@@AA@"],["@@@@@@@@B@@@@@@@B@@@@@@@@@@@@@@@@@@@@@@@@@@@AA@B@@@@@@@A@@@@@@@@@@A@@@@A@B@@@@@@@@@@@B@@"],["@@@@B@@@@@@@B@@A@@@@@@A@@@@@@AA@@@@@A@@@@BA@@@B@@B@@@@@@B@"],["@@A@@@@@@@AB@@AB@@@B@@@BBAB@@@BB@A@@B@@A@@@@@@@AA@@A@@"],["@@B@B@@BB@@@BA@@@@B@@@@@@A@@@@F@D@@@BA@A@@A@A@@@@A@@B@@@A@BAB@@A@@@@@@B@@@@@@A@@@AA@A@@@@@@B@@@@ABA@A@A@@@@@@@@A@@A@A@@@@@@@@@@AA@@@CB@@@@@@B@B@@@@@@B@@@@@@B@@BA@@@@@B@@@@@BBA@@@A@@@@B@@@@@@A@@@@@@@A@@@@@AB@@@@@@@BC@A@@B@@@@@BA@AB@@@@@@BB@AB@@@@@@@B@@@DA@A@@"],["@@@@@B@@@B@@B@@@B@@@A@@AA@@@@A@@"],["@@@@AD@@A@B@@@B@@@@@@A@@@@@@@A@@@@@@"],["@@A@@B@@@@B@@@@A@@"],["@@@@@@@A@@B@@@@@@@@A@@@@A@@@@@@@@@@@@@@@@@@B@@@@@@A@@@@@@@@B@@B@"],["@@ABB@@@@B@AB@@@@B@@@@B@@B@@@@@B@@@B@BABBBA@BB@@B@@@@A@@@A@@@@B@@@@A@@@A@@BA@@B@@AA@@@AAA@@AA@A@@@@AA@"],["@@A@A@@@@BB@@@@@@B@AB@@@@A@@@@"],["@@A@@BA@@@AB@BB@@@B@@@BA@@BA@@@AA@"],["@@FD@@BDB@@@@@@B@@@BB@@@@@@BBBAB@@B@@@@@BC@@BB@@DAB@BA@@BAB@@A@@@@@AA@@@CBA@@@@AA@@AA@C@@AA@@A@@@A@@A@@A@@AAB@@A@@@ACBAA@@CBA@CB@BBBA@@@@@@@@@B@@BB@B@"],["@@NFpRTHDBB@D@DAB@H@F@F@HBPFFBBB@@@B@@AD@B@@BBBBBB@B@B@B@B@BB@B@@@B@@AB@@@J@DDFFDHBF@DABABADBFBFBBBB@@D@H@B@@@@@BAB@@@J@F@F@F@FBFBFD@@BB@B@BAD@@@BB@BBBBFD@@D@BABA@@BB@@BB@@B@@@BABADEB@@AB@B@B@BA@@DBB@BBBBBB@FAL@FABCFGJABAD@D@B@BB@BBB@B@BA\\SHGJANCJAF@B@BBFDB@B@@@B@BAB@@@B@B@B@B@B@BB@@@B@BENAD@D@@BBBBB@D@BADABAFKBA@ABA@@LBD@F@J@D@@@BA@@@A@AA@@@AAA@A@@@AA@@AAA@AA@@@A@AB@D@BAB@B@@ABC@@@@B@@@B@BB@AB@@AB@BAB@BBB@B@@ABAB@@@B@BBD@BBB@BAB@BA@A@A@AAA@@@@@AB@@A@A@@@AAAAAGGAC@@@ABABA@AAA@@@@AA@@AAA@@@A@A@A@A@A@AA@BA@A@@A@@@A@A@A@@AAA@@@A@A@@@A@A@@AAA@@A@A@C@C@CBA@EAGCA@AAAA@@@@H@@IC@@@@A@@BEBCDAD@B@D@D@PE@AFABC@A@A@AAACAAAAC@CBGHSDGBEHGDCDCBCBC@C@C@C@EBAFCFEJAFAF@DBBFAH@FLJDF@DAFDDD@FCHBJAD@DBBBDFBDB@FDD@DAD@FED@DB@H@FDDFAFELBFBFBHAHMFCF@F@D@B@F@DCDCFCJI@EAAEAC@AC@A@E@EBEBEFCBAFAJAJANBJ@FC@AAC@CF@J@XCL@PBXBJ@^FBBN@B@D@BAHEBADAD@LAJ@RBjL^FZBFBHDTNHBF@BABCAECI@EBAJKFAJAZCnCVANAdDTDJFRNDBDBHBJBN@Z@J@B@@BFBLDD@B@BA@AFE@AAA@A@AD@B@BFBH@BBBD@D@B@BA@ABALABAAAG@CA@CBABCDAB@DAHAD@D@D@@@B@@B@BGF@@@D@B@B@BC@CD@B@B@BDBB@D@D@F@B@BBB@DABABCBADEDAFALADAFG@ABG@CBC@CFAF@DAB@@CBA@AACACACGEICICCAAAAC@EACCCAAC@CAE@EBABCFEHADCBE@I@C@C@ABCBABCBC@E@IAGAGEKOKKCAIAG@GAGEKIGGEMCMAEBA@AD@D@DBJBJBF@D@BA@C@AEEAAUMKICEECCCIICEEAEEAA@C@CBCBADADABA@ABA@AAA@@ECECEG@EBCF@BA@CCAECAAAEACA@AA@ABABAD@HBH@LADBDDH@BA@CAEAEAE@ANKF@BC@EAE@E@EBEBCBCBAJANCJCFGFIDGBEAKACECE@G@EBEBE@E@CAAECGACCCA@E@IDGBG@EAGEAC@CDEHEPMBC@GCGCEEEKAM@Q@[HODIBaEM@QCECECEEGKGOGUCaASDYBM@MAGCCACOGKECCCE@EDELCVATCLAJB^FVFPHbNVDVBL@JEHGBGAGACGEGCMEMEKGMOIU@MBOHMPGDKCIKEKQBy@IAGEKKMIIKKGEKEIC[CI@E@GFAD@J@JBFBBJFBDBBADGBK@k@gBO@GCAC@CBAHCVOLKDKBIBED@FFBBFABCIOEEC@QHGAOGECGCEAG@ECAAAIAAA@@JCBABG@G@GFGBEBG@C@C@AAA@AABCD@D@BAAAGCAADKCE@AEECAICICC@EAE@C@GCCAAABAAAA@BA@A@A@@AAA@A@E@C@A@ABADA@ABAB@DBBABA@C@A@E@CC@EACEAABCBCBABOBI@CAE@CB@B@B@BA@A@A@EAGAG@G@KDGDGBABC@EAC@CAMBAAAEAAC@EDGDCBIDCDMHEBC@E@E@MESEQAKAMBGLDHRHLFBHBHAFADCDEFADCJ@JADAFCDK@IEIMGCRCHRjBD\\h@FADCBA@GBKBECQGE@GDC@GECECE@E@GDE@ACECGCAC@E@K@O@E@ICSEGEECAGDE@CCCGCAAAAAYCKAAA@A@AFAD@d@FIFKJCJA`@L@NAFADCFCDADCRAFCBGBGKSEOJG@ACCICIIGGEICIAIASCOASA]I]KG@G@GAKASGAAMI_KcK[KYGYGmSKQCG@C@CBADC@ABC@ACICCEEWEICEACE@CCAA@CACCE@EBCDE@MIIC[EQ@OAKASGeOSKGEAC@CBCBA@EAEBADGBC@A@GBEBEDEFCDE@GTgDKBC@AAC@@AACAC@CBABCDCDCBA@C@A@CBCBUJEBCBEAG@E@CB@@ABEL@F@VBHADCBCCCGACCACAC@A@CBABIFOJEBEACAI@CA@CDAFADABEBAFABA@EDEFABA@E@E@EAACEEECAA@C@C@C@EBABWFCBA@AAA@ACCAC@A@A@A@@B@D@B@BBBBBD@LDJDBF@DABCBA@IFCBCBA@A@ECECAAA@A@C@A@AB@DAB@JBDAB@@ABC@CAC@E@CBABCB@B@BDFBBAB@B@@G@M@OBGBCBAB@D@D@DBBBBFBJFBBBDHFFBFBHBFBHDLFRHJDF@NAH@DDDDBHFF`VBB@B@BC@G@sMKEGCIOCEECGAM@CAKIIGQKOICCAC@EBCBG@@AAKFKPGFYL_BI@E@QBGCI@K@IBCF@D@DBLABADIHMZKJADARCBWBABABCLAFHPABABCDFHHHZJNCDB@B@BEHEHGBCDAJCBCDGB@DABFH@DADI\\CBG@OCoWKCIECBE@ADCH@FAJA@A@K@E@G@M@EBA@CHEFCBC@C@ACA@EBABCDADMNAFAD@PADABEBWDALCDEFCHAN@H@DADABC@C@EEG@E@QNGFIDCBA@C@ECC@CBCFAJDJDPFDNBH@BF@DAFGFC@ADBJAJJVCh\\NnRHBL@LHHV^^VPTLLJLFZFPAHGAA@CBA@@B@F@BA@A@@B@@AB@@@@@B@@@@B@@B@@@@@BA@@@A@AA@@AF@BB@BB@@@AB@@B@@AB@BAB@@@DBD@BA@AD@@@B@@@@BDBBBB@@B@BBB@@@BBB@@@BD@@BB@BBB@B@@@D@@@BBBB@@B@@@@A@AFE@@BA@A@ABA@A@AAA@@AACA@@CA@BA@@@ABABABC@A@@@BAB@@ADA@@CBC@@AB@@@@AB@BABA@AA@NIHGFCDAFBFHB@LGDADGFKDEDAF@HBLDHJD@BABE@CB@DBDDF@JAB@DBBHDHJLJJLFdEVK`MPGn@XB^@PBVFPB@@LEBBDLDBHDAFDJ@BB@@BADEDCDDFDDBF@BBBA@@B@BBBF@@CF@HBDD@CACCADCDC@ADG@ADAFEAABAB@LHB@BAD@@@@DAB@@B@B@FBJHCDH@D@DBFB@C@AB@@@B@@@@AAA@@@C@ABAB@B@@@@A@@@@@@BD@@FA@CCCBAD@B@@CA@@ABBBBB@HCBAAADAHAFBF@BABG@CEEDCJHDHHJDBH@@BAFAJDBJB@DCDCBABAF@AAEADJJF@JE@ABGHKBKB@P@VAR@FBF@HFBD@BAB@HL@H@JF@BEFFHBB@HD@BD@BA@CBA@DDFB@B@FB@BABCB@DDFHAD@BC@@BJDGFBBBBABADC@AAEEC@@CAAA@EDCB@BANF@BI@AFD@BFAD@@F@FAFA@BHHAB@FBCD@@AAA@@DDBB@@@FB@DAJEFAAGC@B@FHHBB@BAHEB@E@EAA@B@FCBCGC@AFD@@JCF@@A@@@A@A@C@ABA@@@@B@@@B@@@@@BB@@BAB@B@B@@B@AF@FDJDFNFb@BBBPFHDBHD@JHLADJZ@FCPBDDBBDFAFA^CPHHPPLPJZJJDLNFZDhJNNLRJTJPTLVHRDTLXFT@F@@@@@LGTAF"]],"encodeOffsets":[[[124927,38429]],[[125154,38395]],[[125526,37851]],[[124965,37745]],[[125228,37715]],[[124510,37628]],[[124501,37625]],[[124540,37595]],[[124584,37560]],[[125422,38346]],[[124940,38430]],[[125015,38477]],[[125100,38426]],[[125105,38427]],[[125116,38400]],[[125134,38412]],[[125140,38379]],[[125619,38344]],[[125423,37940]],[[125324,37737]],[[125331,37735]],[[125192,37638]],[[125177,37655]],[[125179,37669]],[[124965,37762]],[[124979,37772]],[[124626,37688]],[[124563,37676]],[[124521,37612]],[[124401,37615]],[[124851,38373]]]}}],"UTF8Encoding":true}