{"type":"FeatureCollection","features":[{"type":"Feature","id":"370500","properties":{"name":"东营市","cp":[118.66471,37.434564],"childNum":1},"geometry":{"type":"Polygon","coordinates":["@@AG@@@@@@@AA@E@@D@FBBqIIFU@AEA@U@G@GBAF@HEAAB@@@@AA@@C@CAE@GFFFABAB@@DPC@BFAB@HE@@FEBK@G@AAQBA@QA@CA@@GAA@@@@IGAEEBMBMBEB@FC@@NI@@AGAA@AAEAG@UAAR@@@@AHA\\CDAD@BBB@PJ@BFBBB@BFBDDBJADD@D@FDFDBH@F@JHDFBH@BA@CDBHLHNH@B@DA@AFBDBJBJABABCHC@@HDFDDBFJ@BFADG@BFEBBFABC@A@A@BDB@F@BAFCBF@@HCF@BDAF@BCDA@A@@DBB@DGHCCCND@J@B@@B@F@AG@ADAFBDB@DBD@@HBDRABD@DHJBBDAFA@@BFF@B@@HJ@B@@D@TB@@JD@@JF@BFF@@F@BE@@HCB@BBFC@ABAJE@BH@BA@@DAFG@@D@@IDE@@DGJCDCBKRHDBBMAABABBHFNJ@H@BBJTDBBBBDN@@B@F@JE@@L@BS@ABBBF@DB@FMACBABBJE@ABA@G@K@C@AFBDB@H@BBABIA@D@BE@SAEBABBL@FAB@@@@K@C@ADBLABC@@R@h@TA@UAC@[@@BBDBBBBBB@BC@AFCBQAE@@@@@@AAAA@CDA@@AC@AB@DIBA@@FARABADM@@EIBAADG@CCEG@K@A@AB@BC@QCABBDABEAAB@PAH@DI@E@OE@@aOaQOEAB@@ABE@@BADD@@B@FB@BB@@CBCHCBG@KA@AA@IHCD@FDDFHHDVAHAFA@B@B@@@BABBFAF@B@@FFDHABAF@JDBHBADIAE@AJAB@@DFDB@BEBEAA@CJCDC@@B@@E@KHA@G@EAE@@CCBAAK@@B@@E@@AC@CB@@B@DJEB@BFP@BBBHCBBDH@@A@ODGD@@@@@H@FDBDADD@B@HBFBB@@H@BDFB@DG@@@@BHAALB@BBF@BHB@CJF@AL@@BBHB@DAD@BC@@DBBD@BDD@HFDF@FBBDDHADBFFBFAF@@@@B@HB@FFB@CB@BB@FH@ADCB@@@D@DB@H@AFDBENGA@AI@AEA@CB@HA@E@AAACACAAKBCEG@CFGAA@AJ@B@DD@@FF@B@@B@DO@CB@JC@@BBDDF@BA@FHFDN@LDBDCF@FDDBAFHDBDFBF@RA@AB@FF@BA@ED@AHIBAB@DJ@HD@DBB@BBFD@@DG@@BF@AJD@H@BAB@DHDTB@DABF@@FDD@BARBFJDBBA@ALGD@BB@BABBDF@B@BE@CBALB@BHB@CHEHDDCDCDAFBHDDCBADAT@F@FDHFJAFDLBBJDB@DB@@EB@@BBBBBDBBFCBBFBBF@BFBBLBAPFADDBDCLBFBDFABFBLBDDAD@AF@NAB@H@BD@BAF@D@@BJ@NB@B@HBDAD@DF@B@BLHALFDD@J@@AFMBKJ@@BB@LF@DFK@@BDFBDDHDJBDBBBBB@L@BEB@@DFB@BADBBAFABADA@A@@FK@@D@DJ@@B@B@BC@ABAB@DBBD@@BBD@BCBGDG@AB@F@@BJG@@DC@CA@AG@A@BH@BJ@B@@BMZAFBBKVC@IACACBGEIFC@CBADCFKC@@BCA@AABCGABCMAA@DEaGA@BCGAAAACIEA@AFBPAFEJG@@JHABFGFC@CABE@U@AA@A@ERADGBAL@D@J@BAB@BBBF@B@@DCFFBABADBBB@@BGXCD@@BECA@@CL@DCDABFBAJCBI@@R@FBF@D@BAHALE@IAC@CBAF@BBBPBAFB@D@@@AP@JAH@NJDHDABEDAB@DBH@@ABCB@DD`BJ@TDN@H@BBJBJBF@DAF@F@F@D@DAD@DCFAB@B@@BBB@FBDBDBB@@DBHDF@DBF@BBBDBDBBB@B@BCJADADCB@BE@C@IBCBAB@DBBFDDBDDBBBDRbzK~MvKVCfEjAVHZENGTSVARNLRHFXDlElSRQHaRaRORIRE\\HZRfTNnDbDXLJXHàZnFªFBEpI~UpWxc`_VRF[JcFGsn_p_h]LSH]@aD[LU@G@GCCIGCEDWFQHI^KXCZBZDbLPBPCJGFM@SEWCMAIBMFGNKXI`C^GHCFIBI@KGUIOKGUGC@mAyB·NI@EAA@CBI@E@A@C@SC]EWG_OcSwmmqQWWeIOiM_I[@SBUDQFOH[RkPqNsFaDSDK@OBIBABQHUNWPQRKXERCJCHCƵUWAIAeE]EiI@AGBE@CAMEGEA@MGIEUKMGCAMGMEMGAACCCACCEAGAOEGAECECEAE@E@BA@@@ABA@AB@BA@@@A@A@AAA@AA@A@AA@AAAAA@A@@@A@A@@@A@A@A@A@@@A@A@AAAB@@AB@@AA@@@A@@@AB@@AA@@CA@AA@@@@AB@B@@@@A@@@@@@@A@@A@@@@A@@C@ACA@ACC@@E@CKD@A@CGF@@AA@@@@A@AG@@EMA@AEG@@GC@G@BG@@BCACDA@A@@LCD@D@BFB@@BBB@@BA@@D@@CAEDA@EAEAIAAD@BHB@HEREBDLC@AAE@@COAK@GJAEE@C@@@@@A@@A@@A@@EA@@ACBEBM@A@@IBBEA@@A@@@K@@JA@AA@ACD@@ACA@AAE@ASBCKK@@@@ABA@AC@EAE@BEGBC@G@@GaEAAGA@BE@@BG@@AE@BDA@C@CFI@ABGACAC@E@@GIBC@A@C@@AE@@B@BEAGAAKC@@@@AACBAAC@@D@@CBAB@AEB@@A@CAA@@@EA@AB@@@BKB@EC@A@C@C@@CB@ACDAAEAA@AAGD@AAV@B@H@@CB@BB@@B@D@@@HAD@@CJ@@CJ@D@D@@@FA@AE@AAD@@EA@@A@AAAA@@AF@AEFAB@BA@@@@@C@@E@EBI@@BQB@@@DE@@E@AC@@A@@@@@A@ADAFAB@DABDJ@@ADAACABA@C@AGAB@BMBAA@@EBGD@DED@@C@A@AG@CCMDA@AAK@A@@@@@@DBF@B@DE@AAA@GAAAIACDC@E@CDADE@AAE@CE@@@A@A@@A@@@AA@AA@@ACD@@GA@CBE@ACE@AAMBE@GDC@CB@@@B@@AB@B@@AB@@@B@BG@@CK@EAG@CBE@@N@B@@K@ADEBG@EDSBEC@CAECCAAC@AA@A"],"encodeOffsets":[[121311,37833]]}}],"UTF8Encoding":true}